shell,alt_lower_km,alt_upper_km,alt_mid_km,S_maneuverable,D_non_maneuverable,volume_m3,density_per_km3,collision_rate_per_year,collision_prob_annual,satellite_cost_usd,marginal_risk_imposed,tax_congestion_usd_year,tax_pollution_usd_year,pigouvian_tax_usd_year,total_external_cost_usd_year
1,200.0,235.0,217.5,5,0,1.9133409480239882e+19,2.613230017976552e-10,4.60144252577836e-09,4.601442560314695e-09,22592312.77900572,1.15036063144459e-09,0.1299465359712535,350.12928048214513,350.2592270181164,1751.296135090582
2,235.0,270.0,252.5,113,6,1.9337012137565364e+19,6.1540014120807574e-09,2.3151892300703588e-06,2.3151865500281588e-06,9598286.79149988,1.1382482906248966e-09,1.2345513892688056,3326.3879364859827,3327.6224878752514,376021.3411299034
3,270.0,305.0,287.5,126,7,1.954169236117093e+19,6.805961200385547e-09,2.666380671352273e-06,2.666377116544716e-06,5082164.457166512,1.126326246702709e-09,0.7212460774889496,1943.332835110275,1944.054081187764,244950.81422965828
4,305.0,340.0,322.5,112,25,1.9747450151057007e+19,6.9376045490443685e-09,9.049700280503532e-06,9.049659332127646e-06,3136845.9084305735,1.1145905341200988e-09,0.3915854607313689,1055.0918852001846,1055.483470660916,118214.1487140226
5,340.0,375.0,357.5,818,51,1.99542855072229e+19,4.354954226175856e-08,1.8921437482146938e-05,1.8921258472914815e-05,2209588.6589677557,1.1030372900803452e-09,1.9936776056224867,5371.78540661051,5373.779084216133,4395751.290888797
6,375.0,410.0,392.5,163,45,2.0162198429669155e+19,1.0316335330472845e-08,1.5913111870870767e-05,1.5912985257937606e-05,1728095.1991341272,1.0916627513688162e-09,0.3074990370333826,828.5285620023609,828.8360610393943,135100.27794942126
7,410.0,445.0,427.5,355,74,2.0371188918395503e+19,2.105915377440765e-08,2.5994413973317457e-05,2.5994076121471643e-05,1492168.5370818258,1.0804632512882443e-09,0.5723428105111357,1542.1263440044556,1542.6986868149668,547658.0338193132
8,445.0,480.0,462.5,5184,131,2.058125697340222e+19,2.58244674116296e-07,5.04201458213812e-05,5.0418874747215625e-05,1367853.6908417754,1.0694352167032975e-09,7.583315428543113,20432.56293690133,20440.146252329872,105961718.17207806
9,480.0,515.0,497.5,4075,133,2.0792402594689024e+19,2.023816141899274e-07,4.9412363764550654e-05,4.94111429938382e-05,1300540.063535635,1.058575165190324e-09,5.610131606320017,15115.996190660293,15121.606322266613,61620545.76323645
10,515.0,550.0,532.5,998,183,2.100462578225592e+19,5.622571010037577e-08,6.247227327335878e-05,6.247032192152613e-05,1284835.622064045,1.0478797022877845e-09,1.3436604627989372,3620.3725442605955,3621.7162047233946,3614472.772313948
11,550.0,585.0,567.5,1107,245,2.1217926536103182e+19,6.3719704076622e-08,8.255961936431409e-05,8.255621141273206e-05,1379415.362675922,1.0373455188434733e-09,1.5840398920209535,4268.053345962241,4269.637385854262,4726488.586140668
12,585.0,620.0,602.5,331,350,2.143230485623026e+19,3.177446404239798e-08,0.00011547887434795018,0.00011547220691943139,1504081.176105171,1.0269693884546612e-09,0.5112776027772062,1377.5916214235997,1378.102899026377,456152.0595777308
13,620.0,655.0,637.5,393,412,2.1647760742637978e+19,3.71862942116896e-08,0.0001345857987658051,0.0001345767425035005,1642179.5065340467,1.0167481649972494e-09,0.6561854189467802,1768.032728856549,1768.6889142754958,695094.7433102699
14,655.0,690.0,672.5,54,505,2.186429419532579e+19,2.5566798315378717e-08,0.00016290152235797222,0.00016288825462540402,1785953.7855998853,1.006678780240804e-09,0.0970856160365235,261.5884804774906,261.6855660935271,14131.020569050463
15,690.0,725.0,707.5,47,682,2.208190521429342e+19,3.30134557197594e-08,0.00021780419018721858,0.00021778047257658972,1930470.4703214755,9.967582415456422e-10,0.09043798051361088,243.6770230835064,243.76746106402,11457.070670008941
16,725.0,760.0,742.5,49,789,2.2300593799541408e+19,3.757747473151288e-08,0.00024949969011916643,0.0002494685676598385,1967546.1983958324,9.869836296390135e-10,0.0951548585303829,256.386227632828,256.48138249135843,12567.587742076563
17,760.0,795.0,777.5,120,1072,2.2520359951069766e+19,5.292988223056254e-08,0.0003357352130099045,0.0003356788602499883,1966707.3847489425,9.773520964673178e-10,0.23065987027465615,621.4923222981181,621.7229821683927,74606.75786020713
18,795.0,830.0,812.5,66,1034,2.2741203668878217e+19,4.8370350840548144e-08,0.00032064116075690305,0.00032058976087367963,1966192.4858487367,9.67860863121252e-10,0.12559804992346119,338.4126750357561,338.5382730856795,22343.52602365485
19,830.0,865.0,847.5,53,1010,2.2963124952966484e+19,4.6291608924188546e-08,0.0003101609679281735,0.00031011287298765566,1965896.17077622,9.585072178311366e-10,0.09986926046736677,269.0887606073503,269.18862986781767,14266.997382994336
20,865.0,900.0,882.5,31,721,2.3186123803335664e+19,3.24331917822251e-08,0.00021927568928115988,0.00021925165012437464,1965673.501413128,9.492885140296779e-10,0.057845729593943455,155.86012763104804,155.91797336064198,4833.457174179902
21,900.0,935.0,917.5,20,536,2.341020021998439e+19,2.375033082909578e-08,0.00016144874751599305,0.0001614357153683077,1965528.8027399946,9.402021684798446e-10,0.03695988885091471,99.58510393023133,99.62206381908224,1992.441276381645
22,935.0,970.0,952.5,94,480,2.3635354202913477e+19,2.4285652547117078e-08,0.00014327442838090354,0.00014326416509014006,1965433.7692841701,9.312456594648154e-10,0.17204835666147675,463.5688583445141,463.7409067011756,43591.64522991051
23,970.0,1005.0,987.5,35,725,2.3861585752122933e+19,3.1850355961040175e-08,0.00021425415019159702,0.00021423119941033075,1965355.822818032,9.224165250383004e-10,0.06345068409916596,170.96217458736587,171.02562527146503,5985.896884501276
24,1005.0,1040.0,1022.5,32,279,2.408889486761248e+19,1.2910513400850925e-08,8.168924905941466e-05,8.168591258361779e-05,1965303.8941520092,9.137123613325048e-10,0.05746311877957118,154.82921712512672,154.88668024390628,4956.373767805001
25,1040.0,1075.0,1057.5,152,245,2.4317281549382115e+19,1.6325838033901757e-08,7.117259708656743e-05,7.117006437740159e-05,1965265.433480996,9.051308209217129e-10,0.27038099190062936,728.5173201627968,728.7877011546974,110775.73057551401
26,1075.0,1110.0,1092.5,57,295,2.4546745797431845e+19,1.433998636335849e-08,8.478369547275896e-05,8.478010143686543e-05,1965231.845507497,8.966696112394435e-10,0.10044332946967514,270.63553802025336,270.73598134972303,15431.950936934212
27,1110.0,1145.0,1127.5,5,185,2.4777287611762213e+19,7.668313133266599e-09,5.264707430095398e-05,5.2645688468078156e-05,1965202.5122038017,8.883264930471231e-10,0.008728707278966996,23.51871849665972,23.527447203938685,117.63723601969343
28,1145.0,1180.0,1162.5,225,128,2.500890699237212e+19,1.4114971122395205e-08,3.6283431060099065e-05,3.628277282441417e-05,1965176.8940228447,8.800992789524927e-10,0.3891489226748111,1048.5268520484067,1048.9160009710815,236006.10021849335
29,1180.0,1215.0,1197.5,480,141,2.5241603939262673e+19,2.4602240075324623e-08,3.980252498937219e-05,3.9801732879429785e-05,1965154.5199196867,8.719858319756044e-10,0.822521711526138,2216.2109431012273,2217.033464812753,1064176.0631101215
30,1215.0,1250.0,1232.5,120,106,2.5475378452433043e+19,8.871310800033109e-09,2.9439576493280018e-05,2.9439143153231484e-05,1965134.978643431,8.639840641611565e-10,0.2037414366568319,548.9630184281007,549.1667598647575,65900.0111837709
31,1250.0,1285.0,1267.5,0,328,2.5710230531884052e+19,1.2757567443560534e-08,8.994868849128307e-05,8.994464322931162e-05,1965117.911137606,8.560919352349243e-10,0.0,0.0,0.0,0.0
32,1285.0,1320.0,1302.5,2,111,2.5946160177614877e+19,4.3551723733476016e-09,3.0164008906001436e-05,3.0163553976891855e-05,1965103.0039077036,8.483074513031844e-10,0.0033340230415863513,8.983225908536404,8.986559931577991,17.973119863155983
33,1320.0,1355.0,1337.5,3,114,2.6183167389626065e+19,4.468519727157079e-09,3.0699649441888416e-05,3.0699178212523215e-05,1965089.9832326253,8.406286635931328e-10,0.004955732899335281,13.352777596855695,13.35773332975503,40.07319998926509
34,1355.0,1390.0,1372.5,1,108,2.6421252167917347e+19,4.1254668517321795e-09,2.8820222007988496e-05,2.8819806709434737e-05,1965078.6101125025,8.33053667233199e-10,0.0016370159425557378,4.410792560346787,4.412429576289342,4.412429576289342
35,1390.0,1425.0,1407.5,25,269,2.6660414512488722e+19,1.1027585481173953e-08,7.115956563447596e-05,7.115703385263128e-05,1965068.6758590876,8.255806000715484e-10,0.04055806441493871,109.28006510687136,109.3206231712863,2733.0155792821574
36,1425.0,1460.0,1442.5,2,314,2.690065442334046e+19,1.1746926116630879e-08,8.229966792963149e-05,8.22962814048811e-05,1965059.9982468802,8.182076415315501e-10,0.0032156542132671436,8.664291722402446,8.667507376615713,17.335014753231427
37,1460.0,1495.0,1477.5,36,334,2.7141971900472566e+19,1.3632023544816874e-08,8.679087773409914e-05,8.67871115148855e-05,1965052.4181535833,8.10933011502876e-10,0.05736693150771459,154.57004915242956,154.62741608393728,5566.586979021742
38,1495.0,1530.0,1512.5,2,226,2.738436694388421e+19,8.325918231639807e-09,5.818870539599334e-05,5.818701246607105e-05,1965045.7966275974,8.037549692669545e-10,0.003158830647753145,8.511185724161386,8.514344554809139,17.028689109618277
39,1530.0,1565.0,1547.5,1,151,2.762783955357677e+19,5.501696928029311e-09,3.8535143855562604e-05,3.853440138645858e-05,1965040.0123282005,7.966718124554601e-10,0.0015654919881690071,4.218077683420758,4.219643175408927,4.219643175408927
40,1565.0,1600.0,1582.5,1,170,2.7872389729548878e+19,6.135103651292396e-09,4.300328950963307e-05,4.3002364881417066e-05,1965034.9592909836,7.896818760410215e-10,0.0015517524931390962,4.181057846969906,4.182609599463045,4.182609599463045
