operator_code,n_satellites,mean_altitude_km,mean_collision_prob,total_tax_usd_year,state,tax_per_satellite_usd_year,expected_losses_usd_year,state_short,state_name
SPXS,10859,470.28128741136385,4.922317036197746e-05,160468693.88234535,US,14777.483551187526,845492.0058187605,USA,United States of America
KUIP,392,588.5637755102041,0.0001121286653715664,2084403.925044761,US,5317.356951644799,69526.8910854403,USA,United States of America
PLAN,110,465.4727272727273,4.1777215907819316e-05,1336741.4921067392,US,12152.195382788539,7269.127225942843,USA,United States of America
ONEWEBE,652,1197.228527607362,3.822897694402983e-05,1184089.897276975,UK,1816.0887995045628,39426.693971725006,UK,United Kingdom of Great Britain and Northern Ireland
NROC,266,498.4248120300752,5.575277548790569e-05,1098642.257082209,US,4130.2340491812365,23458.39091829273,USA,United States of America
JHB,127,615.2283464566929,7.947118209664904e-05,982544.2642465212,CN,7736.569009815127,15964.800072075592,China,"China, People's Republic of"
CGSTL,75,476.98,5.1713315883358625e-05,554107.2150893618,CN,7388.09620119149,6134.988309628533,China,"China, People's Republic of"
SITRO,51,480.98039215686276,5.391354370074803e-05,449228.47207828984,RU,8808.4014132998,4349.287783729194,Russia,Russian Federation
HE360,37,492.2432432432432,5.24486532511311e-05,421621.16057869996,US,11395.166502127026,3069.6308819845913,USA,United States of America
ZXW,206,1104.888349514563,4.4847615705768426e-05,385418.7966587041,CN,1870.9650323238063,14613.581623781176,China,"China, People's Republic of"
TIANMU,22,458.9318181818182,4.2474655315008746e-05,292322.48746611056,CN,13287.385793914116,1478.0959748209525,China,"China, People's Republic of"
YYAO,34,511.22058823529414,5.6188549434921894e-05,261434.72700794373,CN,7689.256676704227,3021.8773103251365,China,"China, People's Republic of"
ASI/OHBI,16,505.1875,4.94111429938382e-05,241945.7011562658,I,15121.606322266613,1250.5324715104546,Italy,Italian Republic
B1440,37,433.8243243243243,5.3593330429574524e-05,234867.4759312398,RU,6347.769619763238,3136.624716888772,Russia,Russian Federation
VVKOV,49,998.3673469387755,8.760754819266222e-05,227625.4129141907,RU,4645.416590085524,6790.280212099831,Russia,Russian Federation
SPIRE,39,546.0769230769231,8.159759930081146e-05,227351.8805113758,US,5829.535397727585,5033.755055377701,USA,United States of America
URUGUS,18,456.5,3.993587202289545e-05,226030.30703082678,UY,12557.239279490377,1137.0662452103693,Uruguay,Eastern Republic of Uruguay
STTS,14,470.17857142857144,4.50575769258713e-05,215028.1875696577,RU,15359.156254975549,997.8056500404728,Russia,Russian Federation
GUOX/ZJLAB,12,483.0833333333333,4.779563133893346e-05,189154.52795200073,CN,15762.877329333394,907.2344621707991,China,"China, People's Republic of"
TAU/ISA,9,461.0,5.0418874747215625e-05,183961.31627096885,IL,20440.146252329872,717.770737091718,Israel,"Israel, State of"
PLNSST,17,512.5882352941177,5.579826326289747e-05,182896.21934937628,TR,10758.601138198605,1500.443661612857,Turkey,"Turkey, Republic of"
TOMIO,11,496.40909090909093,5.2790778942238525e-05,176759.86032877341,US,16069.078211706674,918.5458632151987,USA,United States of America
SIWEI,12,502.7916666666667,5.0499407904478856e-05,169959.38574965612,CN,14163.282145804676,958.5562924208883,China,"China, People's Republic of"
DORBIT,18,538.5,7.708183921156797e-05,167479.55264462912,I,9304.419591368285,2194.697474890705,Italy,Italian Republic
GEOSK,9,462.77777777777777,4.7593038038424356e-05,159745.3287753907,RU,17749.48097504341,677.5416977182847,Russia,Russian Federation
CSICE,11,485.0,4.7373930710293734e-05,158077.30183954435,J,14370.663803594942,824.2941087456999,Japan,"Japan (Nippon), State of"
ICEYE,27,541.9629629629629,7.958998187390037e-05,149998.57613471244,FI,5555.502819804165,3399.165108771143,Finland,Republic of Finland
UNSEEN,17,511.7647058823529,5.832020855498107e-05,147613.3738410999,F,8683.13963771176,1568.2600524315544,France,French Republic
BSKG,15,433.73333333333335,3.5035933218260006e-05,139579.81310752124,US,9305.32087383475,831.2947527703228,USA,United States of America
PLABST,14,454.85714285714283,4.401843230900093e-05,135469.16348706765,US,9676.368820504833,974.7936631413938,USA,United States of America
MGU,7,481.0,4.998698971005387e-05,127125.40397611933,RU,18160.771996588475,553.4840548934183,Russia,Russian Federation
ASI,11,514.0,7.150917698078347e-05,126562.69485150048,I,11505.69953195459,1244.2411347915772,Italy,Italian Republic
ASTS,10,505.75,5.342966984748232e-05,122034.93280009973,US,12203.493280009974,845.1476357100751,USA,United States of America
ASPLB,7,483.0,4.984302803099995e-05,121806.86404605607,B,17400.98057800801,551.8900302415196,Belgium,"Belgium, Kingdom of"
NSL,8,508.1875,4.94111429938382e-05,120972.8505781329,US,15121.606322266613,625.2662357552273,USA,United States of America
GHG,10,440.3,3.772390900868006e-05,120577.9475469626,CA,12057.79475469626,596.7147579133,Canada,Canada
YUANX,217,1013.9147465437788,0.00012183541954681663,119846.55915243296,CN,552.2882910250368,41819.93825550066,China,"China, People's Republic of"
SPUT,7,487.64285714285717,4.969906635194603e-05,116488.32411599281,RU,16641.189159427544,550.296005589621,Russia,Russian Federation
TUB,11,533.2727272727273,6.821962827366609e-05,112092.57061091177,D,10190.23369190107,1187.0038403755643,Germany,"Germany, Federal Republic of"
LYNK,6,478.0833333333333,5.008296416275648e-05,112003.79765385271,US,18667.299608975452,475.3257754240148,USA,United States of America
ISRO,22,612.3863636363636,0.00013123928420041085,105108.48635053144,IN,4777.658470478702,4567.05902087602,India,"India, Republic of"
CAST,29,831.9310344827586,0.00016883043760816148,98645.22106021913,CN,3401.559346904108,7744.597191119645,China,"China, People's Republic of"
YINHE,7,580.2857142857143,5.2663522013401174e-05,96776.96556481763,CN,13825.280794973947,583.1201254170235,China,"China, People's Republic of"
PIESAT,11,505.95454545454544,5.79047535393446e-05,96475.51858225673,CN,8770.501689296067,1007.5276949835671,China,"China, People's Republic of"
CASC,33,708.2575757575758,0.00020026025536531064,96076.03845730578,CN,2911.395104766842,10453.42952791967,China,"China, People's Republic of"
GEESP,60,616.4333333333333,0.00011851432311242305,93546.86111347693,CN,1559.1143518912822,11247.91902276342,China,"China, People's Republic of"
CNES,8,562.5,9.541361455350783e-05,83200.71348282936,F,10400.08918535367,1207.3979268018907,France,French Republic
ACAST,5,461.3,4.351769684936002e-05,82589.42107035889,CH,16517.88421407178,344.1802907333282,Switzerland,Swiss Confederation
CAS,9,556.2222222222222,8.661929082921639e-05,80235.7477367829,CN,8915.083081864766,1233.12534316887,China,"China, People's Republic of"
HARB,5,456.2,4.3316150498684536e-05,77270.88114029562,CN,15454.176228059125,342.5862660814296,China,"China, People's Republic of"
NCKU,6,512.75,6.04213203147704e-05,76986.13451035944,TW,12831.022418393239,573.4447114078387,Taiwan,"China, Republic of (Taiwan)"
YWZB,5,492.0,4.94111429938382e-05,75608.03161133306,CN,15121.606322266613,390.79139734701704,China,"China, People's Republic of"
ESA,16,571.03125,0.00010374656506624558,75170.7488110737,I-ESA,4698.171800692106,2625.692112388318,ESA,European Space Agency
BAUM,6,449.8333333333333,3.8914424576597106e-05,72007.58036438524,RU,12001.263394064206,369.3277613709099,Russia,Russian Federation
TURKS,4,483.875,4.991500887052691e-05,71123.50514919296,TR,17780.87628729824,315.82116718141083,Turkey,"Turkey, Republic of"
GCDX,15,572.9,9.003299978913582e-05,68761.32870215015,CN,4584.088580143343,2136.2057015759196,China,"China, People's Republic of"
NOVSU,6,455.9166666666667,4.0426651094956544e-05,67402.90306009755,RU,11233.817176682925,383.6799518706584,Russia,Russian Federation
SKYKR,9,495.6111111111111,5.93163910919619e-05,65611.34107595918,AU,7290.149008439908,844.4371273488078,Australia,"Australia, Commonwealth of"
LUSO,5,510.5,5.2022978779375784e-05,64108.141493789844,P,12821.628298757969,411.4483361350645,Portugal,Portuguese Republic
VNIIEMI,9,633.8333333333334,0.00016733307684350476,63383.27706822413,RU,7042.586340913793,2382.1790253742306,Russia,Russian Federation
ARKE,8,498.625,5.921667416509957e-05,62198.67440856584,J,7774.83430107073,749.348926289217,Japan,"Japan (Nippon), State of"
VANTOR,9,552.4444444444445,9.436286487078209e-05,61851.50966688819,US,6872.389962987577,1343.3640360275567,USA,United States of America
CGSTL/HUANTZ,3,458.3333333333333,5.0418874747215625e-05,61320.43875698962,CN,20440.146252329872,239.25691236390603,China,"China, People's Republic of"
KAIST,9,586.1111111111111,9.85851247962873e-05,61100.600643816804,KR,6788.955627090756,1403.4727678093993,South Korea,Great Han People's Nation
SUPA,7,541.3571428571429,7.004386096297135e-05,58646.577676376386,PK,8378.082525196627,775.5650102366287,Pakistan,"Pakistan, Islamic Republic of"
SYNSP,8,522.125,6.481490767937248e-05,57804.717009551896,J,7225.589626193987,820.1909709022043,Japan,"Japan (Nippon), State of"
EGYSA,6,544.25,7.696007201322501e-05,57451.866914888364,EG,9575.311152481394,730.410160778328,Egypt,"Egypt (Misr), Arab Republic of"
UMBRA,5,525.7,6.54367379151699e-05,55683.17800061287,US,11136.635600122574,517.5373953783813,USA,United States of America
SATLAN,4,513.0,5.794934303690602e-05,54952.99628271736,E,13738.24907067934,366.655832973679,Spain,Spain (Kingdom of)
MBRSC,6,504.5833333333333,5.3209006406207404e-05,54798.87124419246,UAE,9133.145207365409,504.99431597899854,UAE,United Arab Emirates
IRIDS,80,764.73125,0.00031413042947474047,54428.18456805183,US,680.3523071006479,39751.18551666327,USA,United States of America
SNIU,7,446.42857142857144,3.933758269860009e-05,53950.04518169622,RU,7707.149311670889,435.56783291047446,Russia,Russian Federation
FOSSA,5,531.9,7.603711491475096e-05,53439.564694915854,E,10687.91293898317,601.3754911817522,Spain,Spain (Kingdom of)
BWB,4,455.5,4.1288536498207407e-05,51512.194957902495,D,12878.048739475624,261.239937308229,Germany,"Germany, Federal Republic of"
IMPUL,3,485.3333333333333,4.974705357829734e-05,50683.358896863094,US,16894.452965621032,236.0688630601088,USA,United States of America
SIDUS,3,485.0,4.974705357829734e-05,50683.358896863094,US,16894.452965621032,236.0688630601088,USA,United States of America
QPS,9,550.8888888888889,7.664166053383209e-05,48630.78422796984,J,5403.420469774426,1091.0822871218456,Japan,"Japan (Nippon), State of"
ZXHK,4,502.625,5.644459833437088e-05,48123.72491410653,CN,12030.931228526633,357.1350447575058,China,"China, People's Republic of"
UCO,4,481.75,4.355687627574656e-05,46907.51765361481,US,11726.879413403702,275.5921278079775,USA,United States of America
LOFT,4,462.375,4.7325536884357255e-05,46044.70739619811,US,11511.176849049527,299.4371158998221,USA,United States of America
ZFT,9,494.22222222222223,6.113588255391495e-05,45866.85601893548,D,5096.317335437276,870.3396833722393,Germany,"Germany, Federal Republic of"
WAT,3,503.0,4.94111429938382e-05,45364.81896679984,PL,15121.606322266613,234.47483840821022,Poland,"Poland, Republic of"
NKUA,3,505.0,4.94111429938382e-05,45364.81896679984,GR,15121.606322266613,234.47483840821022,Greece,Hellenic Republic
UNKTR,3,501.0,4.94111429938382e-05,45364.81896679984,TR,15121.606322266613,234.47483840821022,Turkey,"Turkey, Republic of"
BAEG/INSBAE,3,509.8333333333333,4.94111429938382e-05,45364.81896679984,UK,15121.606322266613,234.47483840821022,UK,United Kingdom of Great Britain and Northern Ireland
WISEK/FOSSA,3,504.5,4.94111429938382e-05,45364.81896679984,CH,15121.606322266613,234.47483840821022,Switzerland,Swiss Confederation
KAIS,3,495.6666666666667,4.94111429938382e-05,45364.81896679984,RU,15121.606322266613,234.47483840821022,Russia,Russian Federation
DARPA2,3,508.5,4.94111429938382e-05,45364.81896679984,US,15121.606322266613,234.47483840821022,USA,United States of America
DRDC/UTIAS,3,497.5,4.94111429938382e-05,45364.81896679984,CA,15121.606322266613,234.47483840821022,Canada,Canada
GCDX/ZZWYZ,3,501.5,4.94111429938382e-05,45364.81896679984,CN,15121.606322266613,234.47483840821022,China,"China, People's Republic of"
SPCOIN/ARROW,3,499.1666666666667,4.94111429938382e-05,45364.81896679984,US,15121.606322266613,234.47483840821022,USA,United States of America
TASA,13,586.0,9.647700854242824e-05,45048.425936528525,TW,3465.2635335791174,1983.8885524390514,Taiwan,"China, Republic of (Taiwan)"
KINEIS,25,646.08,0.0001345767425035005,44217.2228568874,F,1768.688914275496,5321.819134998664,France,French Republic
ORORA,9,518.6111111111111,6.101930204067191e-05,44095.335960053766,D,4899.481773339307,868.6800255290105,Germany,"Germany, Federal Republic of"
WEINA,8,556.6875,5.035491546312443e-05,43036.76936213192,CN,5379.59617026649,637.2090693657269,China,"China, People's Republic of"
KACST,6,575.0,0.0001050216269436836,42574.028053685775,SA,7095.671342280963,996.73585814675,Saudi Arabia,"Saudi Arabia, Kingdom of"
CASC?,5,508.5,5.7246650350450956e-05,41108.36125870341,CN,8221.672251740682,452.7622137111595,China,"China, People's Republic of"
SDK,5,517.8,5.7246650350450956e-05,41108.36125870341,CN,8221.672251740682,452.7622137111595,China,"China, People's Republic of"
JPL/GFZ,2,450.0,5.0418874747215625e-05,40880.292504659745,US,20440.146252329872,159.504608242604,USA,United States of America
TSSKBP?,2,468.0,5.0418874747215625e-05,40880.292504659745,RU,20440.146252329872,159.504608242604,Russia,Russian Federation
SAUDSA,2,475.0,5.0418874747215625e-05,40880.292504659745,SA,20440.146252329872,159.504608242604,Saudi Arabia,"Saudi Arabia, Kingdom of"
GSFC,12,621.875,0.00013568668660938568,40440.80251377902,US,3370.0668761482516,2575.5416279966375,USA,United States of America
NARAST,3,509.0,6.079540971792863e-05,39831.389960450746,KR,13277.129986816915,288.49755350427563,South Korea,Great Han People's Nation
MORF,17,432.7647058823529,2.6281848835306512e-05,39537.62156236178,RU,2325.742444844811,706.7322743470488,Russia,Russian Federation
NIHON,3,499.3333333333333,5.410011322085998e-05,39183.46877931988,J,13061.156259773294,256.7258018481563,Japan,"Japan (Nippon), State of"
SDA,90,941.8444444444444,0.0001556625446413477,38893.96532595992,US,432.15517028844357,22160.355613839412,USA,United States of America
CLAAC,5,535.4,6.7847027350032e-05,38864.74795300639,UK,7772.949590601277,536.6003095145303,UK,United Kingdom of Great Britain and Northern Ireland
SNU,4,537.0,6.598367720328513e-05,38782.48741624175,KR,9695.621854060437,417.4904987659472,South Korea,Great Han People's Nation
CNSA,10,674.2,0.00015645644580715158,38757.84720244764,CN,3875.7847202447642,2474.819620689579,China,"China, People's Republic of"
ZZWYZ,10,642.35,0.0001705838850486696,38267.7771576018,CN,3826.77771576018,2698.2866925934372,China,"China, People's Republic of"
TSVS,5,634.7,7.908160145069232e-05,37544.71785865976,RU,7508.943571731952,625.4542530863912,Russia,Russian Federation
STP,8,561.8125,9.310285442458432e-05,37190.44182369266,US,4648.805227961582,1178.1567435383213,USA,United States of America
SPBPU,4,447.375,3.593440514551571e-05,37159.69041556433,RU,9289.922603891082,227.3633929318516,Russia,Russian Federation
ORBAS,3,457.5,4.1941364620841824e-05,37104.45126141145,UK,12368.150420470483,199.02787299047264,UK,United Kingdom of Great Britain and Northern Ireland
ACMEO,2,476.0,4.991500887052691e-05,35561.75257459648,US,17780.87628729824,157.91058359070541,USA,United States of America
TANOM,2,488.25,4.991500887052691e-05,35561.75257459648,US,17780.87628729824,157.91058359070541,USA,United States of America
TASA/PYRAS,2,478.0,4.991500887052691e-05,35561.75257459648,J,17780.87628729824,157.91058359070541,Japan,"Japan (Nippon), State of"
AALTO,2,492.5,4.991500887052691e-05,35561.75257459648,FI,17780.87628729824,157.91058359070541,Finland,Republic of Finland
KUVA,2,484.0,4.991500887052691e-05,35561.75257459648,FI,17780.87628729824,157.91058359070541,Finland,Republic of Finland
DKJ,2,479.5,4.991500887052691e-05,35561.75257459648,CN,17780.87628729824,157.91058359070541,China,"China, People's Republic of"
CALP,2,494.75,4.991500887052691e-05,35561.75257459648,US,17780.87628729824,157.91058359070541,USA,United States of America
ZHWK/JIG,4,491.375,4.682167100766854e-05,35407.62753607159,CN,8851.906884017897,296.24906659602493,China,"China, People's Republic of"
FERG,5,529.2,7.115215518960216e-05,34542.11712940095,TR,6908.42342588019,562.7404764602173,Turkey,"Turkey, Republic of"
KEPLER,11,595.0909090909091,0.00010955826763104814,34221.17524259364,CA,3111.0159311448765,1906.2854447295185,Canada,Canada
YOUD,3,511.8333333333333,5.376420263640084e-05,33864.92884925662,CN,11288.309616418874,255.1317771962577,China,"China, People's Republic of"
AISTS,3,510.1666666666667,5.376420263640084e-05,33864.92884925662,E,11288.309616418874,255.1317771962577,Spain,Spain (Kingdom of)
ENDUR,4,472.5,5.4240217505913124e-05,33565.36962474736,BGN,8391.34240618684,343.1875339404351,PR Bulgaria,"Bulgaria, People's Republic of"
ZHUORB,5,443.6,3.132846652500465e-05,33443.58345342698,CN,6688.716690685396,247.77599683481438,China,"China, People's Republic of"
AERO,4,460.5,3.770260955765492e-05,33328.61001816316,US,8332.15250454079,238.55113773834128,USA,United States of America
ARC,8,557.4375,7.235834126052831e-05,33030.250185193414,US,4128.781273149177,915.6482713039998,USA,United States of America
COSMW,4,541.5,8.244167495663479e-05,32999.41844258598,KR,8249.854610646495,521.6231870604502,South Korea,Great Han People's Nation
JPL,4,580.75,9.907182077914523e-05,32273.58712490225,US,8068.396781225562,626.8450869039564,USA,United States of America
ASAL,4,575.375,9.907182077914523e-05,32273.587124902246,DZ,8068.396781225561,626.8450869039564,Algeria,"Algeria (al Jaza'ir), People's Democratic Republic of"
JSS,3,552.3333333333334,7.779967616372563e-05,32011.90155880872,J,10670.63385293624,369.18932433875335,Japan,"Japan (Nippon), State of"
C3S,3,477.6666666666667,4.160545403638268e-05,31785.911331348194,HU,10595.303777116065,197.43384833857405,Hungary,Republic of Hungary
ZHWK,3,528.6666666666666,7.14314976357026e-05,31621.3155435596,CN,10540.438514519867,338.9698729996285,China,"China, People's Republic of"
21AT,6,527.3333333333334,6.912743959989569e-05,30986.57404018657,CN,5164.429006697762,656.0724665600286,China,"China, People's Republic of"
ANBEL,2,488.25,4.94111429938382e-05,30243.212644533225,BY,15121.606322266613,156.31655893880682,Belarus,"Belarus, Republic of"
JIGU,2,509.75,4.94111429938382e-05,30243.212644533225,CN,15121.606322266613,156.31655893880682,China,"China, People's Republic of"
LIBRE/ELKED,2,499.75,4.94111429938382e-05,30243.212644533225,GR,15121.606322266613,156.31655893880682,Greece,Hellenic Republic
NPOMAO,2,506.0,4.94111429938382e-05,30243.212644533225,RU,15121.606322266613,156.31655893880682,Russia,Russian Federation
DLR2/ADSDF,2,508.0,4.94111429938382e-05,30243.212644533225,D,15121.606322266613,156.31655893880682,Germany,"Germany, Federal Republic of"
EMTECH,2,503.75,4.94111429938382e-05,30243.212644533225,GR,15121.606322266613,156.31655893880682,Greece,Hellenic Republic
AUBU/UAH,2,498.25,4.94111429938382e-05,30243.212644533225,US,15121.606322266613,156.31655893880682,USA,United States of America
CNSTR,2,503.25,4.94111429938382e-05,30243.212644533225,D,15121.606322266613,156.31655893880682,Germany,"Germany, Federal Republic of"
ASELSN,2,503.0,4.94111429938382e-05,30243.212644533225,TR,15121.606322266613,156.31655893880682,Turkey,"Turkey, Republic of"
CAREWX,2,493.5,4.94111429938382e-05,30243.212644533225,US,15121.606322266613,156.31655893880682,USA,United States of America
UND,2,494.5,4.94111429938382e-05,30243.212644533225,US,15121.606322266613,156.31655893880682,USA,United States of America
SMDC,2,490.0,4.94111429938382e-05,30243.212644533225,US,15121.606322266613,156.31655893880682,USA,United States of America
SOCOM,2,487.25,4.94111429938382e-05,30243.212644533225,US,15121.606322266613,156.31655893880682,USA,United States of America
OHB/BWEHR,2,504.0,4.94111429938382e-05,30243.212644533225,D,15121.606322266613,156.31655893880682,Germany,"Germany, Federal Republic of"
SATVU,2,503.75,4.94111429938382e-05,30243.212644533225,UK,15121.606322266613,156.31655893880682,UK,United Kingdom of Great Britain and Northern Ireland
IRSA/IUST,2,490.75,4.94111429938382e-05,30243.212644533225,IR,15121.606322266613,156.31655893880682,Iran,"Iran, Islamic Republic of"
XGZD,2,507.0,4.94111429938382e-05,30243.212644533225,CN,15121.606322266613,156.31655893880682,China,"China, People's Republic of"
ICEUS,8,533.125,6.834642002985503e-05,29647.102809379016,US,3705.887851172377,864.8799884014489,USA,United States of America
KARIK,8,582.3125,0.00010706871803967122,29526.493134119868,KR,3690.8116417649835,1354.8857654264657,South Korea,Great Han People's Nation
AXEL,12,584.5,0.00010450020841719827,28103.372735628065,J,2341.9477279690054,1983.5743921408541,Japan,"Japan (Nippon), State of"
USNPS,4,508.25,6.609006958432917e-05,26916.722598249908,US,6729.180649562477,418.163662343814,USA,United States of America
HUANTZ,8,547.3125,6.909555754626429e-05,26730.11633209014,CN,3341.2645415112675,874.3598418629779,China,"China, People's Republic of"
DDRD/U9900,4,462.125,4.9188215719531136e-05,26340.58240071952,IL,6585.14560017988,311.2226172373984,Israel,"Israel, State of"
JTXZ,3,437.6666666666667,3.851852459509549e-05,26005.916538241032,CN,8668.638846080345,182.78518331955956,China,"China, People's Republic of"
SPIRE/LACU,6,564.25,8.255621141273206e-05,25617.824315125574,US,4269.637385854262,783.5218194814212,USA,United States of America
SSTLA,4,569.5,8.249894318468343e-05,25038.983993001515,UK,6259.745998250379,521.9855333573654,UK,United Kingdom of Great Britain and Northern Ireland
TSHUA,3,474.6666666666667,5.0296204293161693e-05,24765.022792337008,CN,8255.007597445669,238.67479397625112,China,"China, People's Republic of"
ASI/ARGOT,15,591.3333333333334,0.00011327780721898476,23563.07797222354,I,1570.8718648149027,2687.7333667650732,Italy,Italian Republic
NOVI,3,550.6666666666666,9.378776286202613e-05,23196.352050382626,US,7732.117350127542,445.05893224294533,USA,United States of America
STATS,3,522.5,5.811726227896349e-05,22365.0387317134,N,7455.012910571134,275.7887159843052,Norway,"Norway, Kingdom of"
CLAAC/WYV,3,516.0,5.811726227896349e-05,22365.0387317134,UK,7455.012910571134,275.7887159843052,UK,United Kingdom of Great Britain and Northern Ireland
CSA,7,633.5714285714286,0.0001716803181079442,22268.049897958026,CA,3181.1499854225754,1900.9410081092576,Canada,Canada
ORPA,2,549.25,9.249780862535806e-05,22208.835166605368,ID,11104.417583302684,292.6250695212486,Indonesia,"Indonesia, Republic of"
DLR2,4,531.0,6.811307088508411e-05,22054.71012808047,D,5513.677532020118,430.9635525265681,Germany,"Germany, Federal Republic of"
DAPA,5,568.8,8.255621141273206e-05,21348.18692927131,KR,4269.637385854262,652.934849567851,South Korea,Great Han People's Nation
SPIREG/HUBN,2,415.25,3.3165930002576616e-05,21268.982313369266,US,10634.491156684633,104.92337836942217,USA,United States of America
USCGR/DHSST,2,329.0,2.521173809488797e-05,20790.405479347988,US,10395.202739673994,79.75958265832423,USA,United States of America
SP42,6,560.0,7.799926591824564e-05,20782.526284905085,UAE,3463.754380817514,740.2729086603147,UAE,United Arab Emirates
ISISBV,3,551.0,8.215273580628828e-05,20512.011441265502,NL,6837.3371470885,389.84626312680086,Netherlands,"Netherlands, Kingdom of"
TSKHM,2,892.75,4.055902647986942e-05,20453.503985659627,RU,10226.751992829813,128.31209862989343,Russia,Russian Federation
UTMN,1,466.0,5.0418874747215625e-05,20440.146252329872,RU,20440.146252329872,79.752304121302,Russia,Russian Federation
SFLIN,1,455.0,5.0418874747215625e-05,20440.146252329872,US,20440.146252329872,79.752304121302,USA,United States of America
SEIREN,1,472.0,5.0418874747215625e-05,20440.146252329872,J,20440.146252329872,79.752304121302,Japan,"Japan (Nippon), State of"
BSUBY,1,474.5,5.0418874747215625e-05,20440.146252329872,BY,20440.146252329872,79.752304121302,Belarus,"Belarus, Republic of"
BME,1,477.5,5.0418874747215625e-05,20440.146252329872,HU,20440.146252329872,79.752304121302,Hungary,Republic of Hungary
USYD,1,454.0,5.0418874747215625e-05,20440.146252329872,AU,20440.146252329872,79.752304121302,Australia,"Australia, Commonwealth of"
CGSTL/HXK,1,451.5,5.0418874747215625e-05,20440.146252329872,CN,20440.146252329872,79.752304121302,China,"China, People's Republic of"
USYD/UNSW,1,454.5,5.0418874747215625e-05,20440.146252329872,AU,20440.146252329872,79.752304121302,Australia,"Australia, Commonwealth of"
PROM,1,470.0,5.0418874747215625e-05,20440.146252329872,F,20440.146252329872,79.752304121302,France,French Republic
BNSSA,1,465.0,5.0418874747215625e-05,20440.146252329872,BH,20440.146252329872,79.752304121302,Bahrain,"Bahrain, Kingdom of"
CGSTL/ISCAS,1,474.0,5.0418874747215625e-05,20440.146252329872,CN,20440.146252329872,79.752304121302,China,"China, People's Republic of"
SCITOK/TOHO,1,467.5,5.0418874747215625e-05,20440.146252329872,J,20440.146252329872,79.752304121302,Japan,"Japan (Nippon), State of"
VIZ/NISYS,1,453.5,5.0418874747215625e-05,20440.146252329872,RU,20440.146252329872,79.752304121302,Russia,Russian Federation
AVS,1,473.5,5.0418874747215625e-05,20440.146252329872,E,20440.146252329872,79.752304121302,Spain,Spain (Kingdom of)
AZBST,1,478.5,5.0418874747215625e-05,20440.146252329872,IN,20440.146252329872,79.752304121302,India,"India, Republic of"
ZHWK/ZXHK,1,471.0,5.0418874747215625e-05,20440.146252329872,CN,20440.146252329872,79.752304121302,China,"China, People's Republic of"
ZHYE,1,471.5,5.0418874747215625e-05,20440.146252329872,CN,20440.146252329872,79.752304121302,China,"China, People's Republic of"
ZHK/TLCJ,1,464.0,5.0418874747215625e-05,20440.146252329872,CN,20440.146252329872,79.752304121302,China,"China, People's Republic of"
SATRV/TPIX,1,471.0,5.0418874747215625e-05,20440.146252329872,PL,20440.146252329872,79.752304121302,Poland,"Poland, Republic of"
CGSTZ/CGSTL,1,459.5,5.0418874747215625e-05,20440.146252329872,CN,20440.146252329872,79.752304121302,China,"China, People's Republic of"
CEVRO,1,478.0,5.0418874747215625e-05,20440.146252329872,CZ,20440.146252329872,79.752304121302,Czech Republic,Czech Republic
SITAEL,1,470.0,5.0418874747215625e-05,20440.146252329872,I,20440.146252329872,79.752304121302,Italy,Italian Republic
SKYRT,1,446.5,5.0418874747215625e-05,20440.146252329872,IN,20440.146252329872,79.752304121302,India,"India, Republic of"
SPINV/ESA,1,467.5,5.0418874747215625e-05,20440.146252329872,DK,20440.146252329872,79.752304121302,Denmark,"Denmark, Kingdom of"
SPIRE/ORORA,1,449.5,5.0418874747215625e-05,20440.146252329872,US,20440.146252329872,79.752304121302,USA,United States of America
QSP/MISIS,1,476.5,5.0418874747215625e-05,20440.146252329872,RU,20440.146252329872,79.752304121302,Russia,Russian Federation
OCOS/ESA,1,470.5,5.0418874747215625e-05,20440.146252329872,UK,20440.146252329872,79.752304121302,UK,United Kingdom of Great Britain and Northern Ireland
NUSHS,1,452.5,5.0418874747215625e-05,20440.146252329872,SG,20440.146252329872,79.752304121302,Singapore,"Singapore, Republic of"
KTL,1,460.5,5.0418874747215625e-05,20440.146252329872,KR,20440.146252329872,79.752304121302,South Korea,Great Han People's Nation
KUZGTU,1,473.0,5.0418874747215625e-05,20440.146252329872,RU,20440.146252329872,79.752304121302,Russia,Russian Federation
LARCN,1,462.5,5.0418874747215625e-05,20440.146252329872,US,20440.146252329872,79.752304121302,USA,United States of America
KPI,1,461.0,5.0418874747215625e-05,20440.146252329872,UA,20440.146252329872,79.752304121302,Ukraine,Ukraine
LUXDD/LUXEO,1,450.0,5.0418874747215625e-05,20440.146252329872,L,20440.146252329872,79.752304121302,Luxembourg,"Luxembourg, Grand Duchy of"
DART,1,461.5,5.0418874747215625e-05,20440.146252329872,US,20440.146252329872,79.752304121302,USA,United States of America
SUPSI,1,465.0,5.0418874747215625e-05,20440.146252329872,CH,20440.146252329872,79.752304121302,Switzerland,Swiss Confederation
CONTEC,1,453.5,5.0418874747215625e-05,20440.146252329872,KR,20440.146252329872,79.752304121302,South Korea,Great Han People's Nation
EOSDA,1,463.5,5.0418874747215625e-05,20440.146252329872,US,20440.146252329872,79.752304121302,USA,United States of America
GENMAT,1,459.5,5.0418874747215625e-05,20440.146252329872,US,20440.146252329872,79.752304121302,USA,United States of America
FRAUN,1,445.0,5.0418874747215625e-05,20440.146252329872,D,20440.146252329872,79.752304121302,Germany,"Germany, Federal Republic of"
LOFT/HYDRO,1,468.0,5.0418874747215625e-05,20440.146252329872,US,20440.146252329872,79.752304121302,USA,United States of America
TZJ/GUOG,1,479.5,5.0418874747215625e-05,20440.146252329872,CN,20440.146252329872,79.752304121302,China,"China, People's Republic of"
INPES/UFSM,1,466.5,5.0418874747215625e-05,20440.146252329872,BR,20440.146252329872,79.752304121302,Brazil,"Brazil, Federal Republic of"
TRLS,1,472.5,5.0418874747215625e-05,20440.146252329872,CZ,20440.146252329872,79.752304121302,Czech Republic,Czech Republic
TLCJ/JUNT,1,446.0,5.0418874747215625e-05,20440.146252329872,CN,20440.146252329872,79.752304121302,China,"China, People's Republic of"
TASL,1,461.5,5.0418874747215625e-05,20440.146252329872,IN,20440.146252329872,79.752304121302,India,"India, Republic of"
HEX20,1,479.5,5.0418874747215625e-05,20440.146252329872,IN,20440.146252329872,79.752304121302,India,"India, Republic of"
JUST,1,460.0,5.0418874747215625e-05,20440.146252329872,JO,20440.146252329872,79.752304121302,Jordan,"Jordan, Hashemite Kingdom of"
JUSTEK,1,469.5,5.0418874747215625e-05,20440.146252329872,KR,20440.146252329872,79.752304121302,South Korea,Great Han People's Nation
IMAG/FACH,1,450.0,5.0418874747215625e-05,20440.146252329872,IL,20440.146252329872,79.752304121302,Israel,"Israel, State of"
YUZGU,1,454.0,5.0418874747215625e-05,20440.146252329872,RU,20440.146252329872,79.752304121302,Russia,Russian Federation
ANGKX,1,450.5,5.0418874747215625e-05,20440.146252329872,MY,20440.146252329872,79.752304121302,Malaysia,Malaysia
AMGU/HARB,1,456.5,5.0418874747215625e-05,20440.146252329872,RU,20440.146252329872,79.752304121302,Russia,Russian Federation
GRAHAA,1,446.5,5.0418874747215625e-05,20440.146252329872,IN,20440.146252329872,79.752304121302,India,"India, Republic of"
VSHE,1,468.5,5.0418874747215625e-05,20440.146252329872,RU,20440.146252329872,79.752304121302,Russia,Russian Federation
UZMA/URUGUS,1,475.0,5.0418874747215625e-05,20440.146252329872,MY,20440.146252329872,79.752304121302,Malaysia,Malaysia
XPL,1,474.5,5.0418874747215625e-05,20440.146252329872,CA,20440.146252329872,79.752304121302,Canada,Canada
ABSEN/NANAV,1,477.5,5.0418874747215625e-05,20440.146252329872,F,20440.146252329872,79.752304121302,France,French Republic
ECHOAU,4,606.625,0.00011328534262608492,20427.6730650931,AU,5106.918266273275,716.776575669243,Australia,"Australia, Commonwealth of"
SFSSC,7,773.2857142857143,0.00020829526201070005,20229.512314246724,US,2889.930330606675,2306.362253488159,USA,United States of America
SHIZ,2,541.0,6.598367720328513e-05,19391.243708120874,J,9695.621854060437,208.7452493829736,Japan,"Japan (Nippon), State of"
QB50,2,513.5,5.594073245768216e-05,18743.322526990007,B,9371.661263495003,176.9734977268543,Belgium,"Belgium, Kingdom of"
NUS,2,512.0,5.594073245768216e-05,18743.322526990007,SG,9371.661263495003,176.9734977268543,Singapore,"Singapore, Republic of"
BULL,2,511.75,5.594073245768216e-05,18743.322526990007,J,9371.661263495003,176.9734977268543,Japan,"Japan (Nippon), State of"
NAG,2,520.0,5.594073245768216e-05,18743.322526990007,J,9371.661263495003,176.9734977268543,Japan,"Japan (Nippon), State of"
GUOG,28,833.125,0.00020307177123728742,18734.1937402829,CN,669.0783478672464,8994.09930709999,China,"China, People's Republic of"
OQT,3,449.6666666666667,3.379976507892716e-05,18207.003695896547,L,6069.001231965515,160.39285826893789,Luxembourg,"Luxembourg, Grand Duchy of"
SANYZ,4,381.25,2.0855861729007774e-05,18061.40932462784,CN,4515.35233115696,131.95875835491606,China,"China, People's Republic of"
ALBAD,3,559.3333333333334,9.345185227756699e-05,17877.812120319366,D,5959.270706773122,443.4649075910467,Germany,"Germany, Federal Republic of"
CAPSP,9,592.7777777777778,0.0001059257757522531,17538.073883762296,US,1948.6748759735883,1507.9753865967728,USA,United States of America
OMID/ISRC,3,439.3333333333333,3.043940145774915e-05,17493.141070120975,IR,5831.047023373659,144.44664311729082,Iran,"Iran, Islamic Republic of"
FLEET,5,559.7,8.110505471758955e-05,17160.81008018169,AU,3432.162016036338,641.4576904028638,Australia,"Australia, Commonwealth of"
AMNA,4,825.5,0.00014571462289203474,17130.099710837996,US,4282.524927709499,921.9624180881317,USA,United States of America
STIOT,4,574.125,8.255621141273206e-05,17078.549543417048,E,4269.637385854262,522.3478796542807,Spain,Spain (Kingdom of)
NTU,6,588.75,0.00011767152416173691,16851.427172136504,SG,2808.571195356084,1116.793093270957,Singapore,"Singapore, Republic of"
AETH,2,465.25,3.770260955765492e-05,16664.305009081578,US,8332.152504540789,119.27556886917064,USA,United States of America
SHARJ,2,460.25,3.770260955765492e-05,16664.305009081578,UAE,8332.152504540789,119.27556886917064,UAE,United Arab Emirates
DGA/CNES,6,679.25,0.0001965425714362349,16583.739566718552,F,2763.956594453092,1865.3398762134373,France,French Republic
TASA/RAPTEK,2,545.25,8.244167495663479e-05,16499.70922129299,TW,8249.854610646495,260.8115935302251,Taiwan,"China, Republic of (Taiwan)"
SAST,14,670.0714285714286,0.00019673168751160874,16392.360029461124,CN,1170.8828592472232,4356.647710196058,China,"China, People's Republic of"
OKB5P,2,409.25,2.9230401162982922e-05,16177.089792927529,RU,8088.544896463764,92.47298178809964,Russia,Russian Federation
USAFA,2,434.75,3.26620641258879e-05,15950.442383306006,US,7975.221191653003,103.32935371752357,USA,United States of America
STCAL,2,445.25,3.26620641258879e-05,15950.442383306006,E,7975.221191653003,103.32935371752357,Spain,Spain (Kingdom of)
DVFU,2,443.5,3.26620641258879e-05,15950.442383306006,RU,7975.221191653003,103.32935371752357,Russia,Russian Federation
EXOTR,2,449.75,3.26620641258879e-05,15950.442383306006,F,7975.221191653003,103.32935371752357,France,French Republic
SECM,4,645.25,0.00017568814018090184,15852.908705458673,CN,3963.227176364668,1111.61020998288,China,"China, People's Republic of"
TUG,2,630.75,0.00019254500162191324,15743.329304435005,AT,7871.664652217502,609.1332899981247,Austria,"Austria, Republic of"
KYUT,4,520.5,7.487647205445258e-05,15291.156754951033,J,3822.789188737758,473.75679848123957,Japan,"Japan (Nippon), State of"
SDA/YORKSS,1,485.0,4.94111429938382e-05,15121.606322266613,US,15121.606322266613,78.15827946940341,USA,United States of America
PRISMA/ELKED,1,507.0,4.94111429938382e-05,15121.606322266613,GR,15121.606322266613,78.15827946940341,Greece,Hellenic Republic
SANL,1,503.0,4.94111429938382e-05,15121.606322266613,US,15121.606322266613,78.15827946940341,USA,United States of America
RAL/SPEQ,1,503.0,4.94111429938382e-05,15121.606322266613,UK,15121.606322266613,78.15827946940341,UK,United Kingdom of Great Britain and Northern Ireland
PROTE,1,505.5,4.94111429938382e-05,15121.606322266613,US,15121.606322266613,78.15827946940341,USA,United States of America
SATRV,1,503.5,4.94111429938382e-05,15121.606322266613,PL,15121.606322266613,78.15827946940341,Poland,"Poland, Republic of"
S29POD,1,501.5,4.94111429938382e-05,15121.606322266613,RU,15121.606322266613,78.15827946940341,Russia,Russian Federation
OCOS/ACCRE,1,504.5,4.94111429938382e-05,15121.606322266613,UK,15121.606322266613,78.15827946940341,UK,United Kingdom of Great Britain and Northern Ireland
RISERO,1,505.0,4.94111429938382e-05,15121.606322266613,RO,15121.606322266613,78.15827946940341,Romania,Romania
SATRHW,1,496.5,4.94111429938382e-05,15121.606322266613,KR,15121.606322266613,78.15827946940341,South Korea,Great Han People's Nation
UMI/JPL,1,507.0,4.94111429938382e-05,15121.606322266613,US,15121.606322266613,78.15827946940341,USA,United States of America
UPKOI,1,510.0,4.94111429938382e-05,15121.606322266613,US,15121.606322266613,78.15827946940341,USA,United States of America
SIBGAU,1,490.5,4.94111429938382e-05,15121.606322266613,RU,15121.606322266613,78.15827946940341,Russia,Russian Federation
UNCW/MOOREF,1,494.5,4.94111429938382e-05,15121.606322266613,US,15121.606322266613,78.15827946940341,USA,United States of America
UKSC,1,488.0,4.94111429938382e-05,15121.606322266613,UK,15121.606322266613,78.15827946940341,UK,United Kingdom of Great Britain and Northern Ireland
UTE/YUZGU,1,495.5,4.94111429938382e-05,15121.606322266613,EC,15121.606322266613,78.15827946940341,Ecuador,Republic of Ecuador
SPFORG,1,490.5,4.94111429938382e-05,15121.606322266613,UK,15121.606322266613,78.15827946940341,UK,United Kingdom of Great Britain and Northern Ireland
JHQJ/YINHE,1,512.0,4.94111429938382e-05,15121.606322266613,CN,15121.606322266613,78.15827946940341,China,"China, People's Republic of"
KP,1,497.0,4.94111429938382e-05,15121.606322266613,KP,15121.606322266613,78.15827946940341,North Korea,"Korea (Choson), Democratic People's Republic of"
KOCHI,1,483.0,4.94111429938382e-05,15121.606322266613,J,15121.606322266613,78.15827946940341,Japan,"Japan (Nippon), State of"
KYST/STATS,1,510.5,4.94111429938382e-05,15121.606322266613,N,15121.606322266613,78.15827946940341,Norway,"Norway, Kingdom of"
GWCG,1,481.5,4.94111429938382e-05,15121.606322266613,CN,15121.606322266613,78.15827946940341,China,"China, People's Republic of"
LOBU,1,495.5,4.94111429938382e-05,15121.606322266613,RU,15121.606322266613,78.15827946940341,Russia,Russian Federation
GUOZH,1,508.0,4.94111429938382e-05,15121.606322266613,CN,15121.606322266613,78.15827946940341,China,"China, People's Republic of"
TERRAN/LLNL,1,481.0,4.94111429938382e-05,15121.606322266613,US,15121.606322266613,78.15827946940341,USA,United States of America
HXKJ/CGSTL,1,486.5,4.94111429938382e-05,15121.606322266613,CN,15121.606322266613,78.15827946940341,China,"China, People's Republic of"
TASA/TRON,1,501.5,4.94111429938382e-05,15121.606322266613,TW,15121.606322266613,78.15827946940341,Taiwan,"China, Republic of (Taiwan)"
TERXP/ZHWK,1,504.0,4.94111429938382e-05,15121.606322266613,MY,15121.606322266613,78.15827946940341,Malaysia,Malaysia
HYDRA,1,503.5,4.94111429938382e-05,15121.606322266613,E,15121.606322266613,78.15827946940341,Spain,Spain (Kingdom of)
UNKSE,1,506.5,4.94111429938382e-05,15121.606322266613,S,15121.606322266613,78.15827946940341,Sweden,"Sweden, Kingdom of"
I2CAT,1,509.5,4.94111429938382e-05,15121.606322266613,E,15121.606322266613,78.15827946940341,Spain,Spain (Kingdom of)
TPA,1,499.5,4.94111429938382e-05,15121.606322266613,NZ,15121.606322266613,78.15827946940341,New Zealand,"New Zealand, Realm of"
IAC,1,513.0,4.94111429938382e-05,15121.606322266613,E,15121.606322266613,78.15827946940341,Spain,Spain (Kingdom of)
UTU,1,498.5,4.94111429938382e-05,15121.606322266613,US,15121.606322266613,78.15827946940341,USA,United States of America
EYCORE,1,502.5,4.94111429938382e-05,15121.606322266613,PL,15121.606322266613,78.15827946940341,Poland,"Poland, Republic of"
PLANH,1,507.5,4.94111429938382e-05,15121.606322266613,GR,15121.606322266613,78.15827946940341,Greece,Hellenic Republic
DUTH,1,481.5,4.94111429938382e-05,15121.606322266613,GR,15121.606322266613,78.15827946940341,Greece,Hellenic Republic
SXAK,1,483.5,4.94111429938382e-05,15121.606322266613,CN,15121.606322266613,78.15827946940341,China,"China, People's Republic of"
BSLT,1,501.0,4.94111429938382e-05,15121.606322266613,US,15121.606322266613,78.15827946940341,USA,United States of America
ITA,1,506.5,4.94111429938382e-05,15121.606322266613,BR,15121.606322266613,78.15827946940341,Brazil,"Brazil, Federal Republic of"
UNHAN,1,484.0,4.94111429938382e-05,15121.606322266613,ID,15121.606322266613,78.15827946940341,Indonesia,"Indonesia, Republic of"
HELLO,1,495.5,4.94111429938382e-05,15121.606322266613,TR,15121.606322266613,78.15827946940341,Turkey,"Turkey, Republic of"
TELTN?,1,493.0,4.94111429938382e-05,15121.606322266613,TN,15121.606322266613,78.15827946940341,Tunisia,Republic of Tunisia
TURION,1,495.5,4.94111429938382e-05,15121.606322266613,US,15121.606322266613,78.15827946940341,USA,United States of America
SPINL,1,507.0,4.94111429938382e-05,15121.606322266613,L,15121.606322266613,78.15827946940341,Luxembourg,"Luxembourg, Grand Duchy of"
TAIPT/TASA,1,511.5,4.94111429938382e-05,15121.606322266613,TW,15121.606322266613,78.15827946940341,Taiwan,"China, Republic of (Taiwan)"
TALOS/MPG,1,500.5,4.94111429938382e-05,15121.606322266613,D,15121.606322266613,78.15827946940341,Germany,"Germany, Federal Republic of"
TAMU,1,483.5,4.94111429938382e-05,15121.606322266613,US,15121.606322266613,78.15827946940341,USA,United States of America
ROGUE,1,491.5,4.94111429938382e-05,15121.606322266613,US,15121.606322266613,78.15827946940341,USA,United States of America
SPLOCK,1,509.5,4.94111429938382e-05,15121.606322266613,F,15121.606322266613,78.15827946940341,France,French Republic
MSR,1,489.5,4.94111429938382e-05,15121.606322266613,ME,15121.606322266613,78.15827946940341,Montenegro,Montenegro
KAWA,1,502.5,4.94111429938382e-05,15121.606322266613,J,15121.606322266613,78.15827946940341,Japan,"Japan (Nippon), State of"
KANA,1,509.5,4.94111429938382e-05,15121.606322266613,J,15121.606322266613,78.15827946940341,Japan,"Japan (Nippon), State of"
PAU,1,494.0,4.94111429938382e-05,15121.606322266613,PK,15121.606322266613,78.15827946940341,Pakistan,"Pakistan, Islamic Republic of"
ORORA/UBWM,1,500.5,4.94111429938382e-05,15121.606322266613,D,15121.606322266613,78.15827946940341,Germany,"Germany, Federal Republic of"
ORBSKW,1,483.0,4.94111429938382e-05,15121.606322266613,KW,15121.606322266613,78.15827946940341,Kuwait,State of Kuwait
NCHU/CTYK,1,505.0,4.94111429938382e-05,15121.606322266613,CN,15121.606322266613,78.15827946940341,China,"China, People's Republic of"
NANAV,1,487.5,4.94111429938382e-05,15121.606322266613,LT,15121.606322266613,78.15827946940341,Lithuania,"Lithuania, Republic of"
NJU/SAST,1,509.0,4.94111429938382e-05,15121.606322266613,CN,15121.606322266613,78.15827946940341,China,"China, People's Republic of"
OCULLO,1,504.5,4.94111429938382e-05,15121.606322266613,MY,15121.606322266613,78.15827946940341,Malaysia,Malaysia
CUGW/ZHEDI,1,508.0,4.94111429938382e-05,15121.606322266613,CN,15121.606322266613,78.15827946940341,China,"China, People's Republic of"
GILM,1,495.5,4.94111429938382e-05,15121.606322266613,AU,15121.606322266613,78.15827946940341,Australia,"Australia, Commonwealth of"
MDDI,1,501.5,4.94111429938382e-05,15121.606322266613,I,15121.606322266613,78.15827946940341,Italy,Italian Republic
TRON/TASA,1,511.5,4.94111429938382e-05,15121.606322266613,TW,15121.606322266613,78.15827946940341,Taiwan,"China, Republic of (Taiwan)"
MHIME,1,509.5,4.94111429938382e-05,15121.606322266613,J,15121.606322266613,78.15827946940341,Japan,"Japan (Nippon), State of"
SSW,1,508.0,4.94111429938382e-05,15121.606322266613,CN,15121.606322266613,78.15827946940341,China,"China, People's Republic of"
ORBAS/LIFTE,1,498.0,4.94111429938382e-05,15121.606322266613,UK,15121.606322266613,78.15827946940341,UK,United Kingdom of Great Britain and Northern Ireland
HCT/MBRSC,1,507.0,4.94111429938382e-05,15121.606322266613,UAE,15121.606322266613,78.15827946940341,UAE,United Arab Emirates
HISD,1,508.0,4.94111429938382e-05,15121.606322266613,E,15121.606322266613,78.15827946940341,Spain,Spain (Kingdom of)
JHB/GCDX?,1,492.5,4.94111429938382e-05,15121.606322266613,CN,15121.606322266613,78.15827946940341,China,"China, People's Republic of"
GALAX,1,485.5,4.94111429938382e-05,15121.606322266613,CA,15121.606322266613,78.15827946940341,Canada,Canada
FVM,1,490.5,4.94111429938382e-05,15121.606322266613,S,15121.606322266613,78.15827946940341,Sweden,"Sweden, Kingdom of"
FUCHW,1,493.5,4.94111429938382e-05,15121.606322266613,CN,15121.606322266613,78.15827946940341,China,"China, People's Republic of"
STFISH,1,495.5,4.94111429938382e-05,15121.606322266613,US,15121.606322266613,78.15827946940341,USA,United States of America
MANYA,1,488.5,4.94111429938382e-05,15121.606322266613,RU,15121.606322266613,78.15827946940341,Russia,Russian Federation
LUOUT,1,506.5,4.94111429938382e-05,15121.606322266613,US,15121.606322266613,78.15827946940341,USA,United States of America
DLR2/NANAV,1,480.5,4.94111429938382e-05,15121.606322266613,D,15121.606322266613,78.15827946940341,Germany,"Germany, Federal Republic of"
MOMENT,1,496.0,4.94111429938382e-05,15121.606322266613,US,15121.606322266613,78.15827946940341,USA,United States of America
MBS/REFLEX,1,490.0,4.94111429938382e-05,15121.606322266613,D,15121.606322266613,78.15827946940341,Germany,"Germany, Federal Republic of"
GIT/DARPA2,1,498.5,4.94111429938382e-05,15121.606322266613,US,15121.606322266613,78.15827946940341,USA,United States of America
MITRE,1,485.0,4.94111429938382e-05,15121.606322266613,US,15121.606322266613,78.15827946940341,USA,United States of America
AMGU/MAIO,1,496.5,4.94111429938382e-05,15121.606322266613,RU,15121.606322266613,78.15827946940341,Russia,Russian Federation
ALENSP,1,488.5,4.94111429938382e-05,15121.606322266613,E,15121.606322266613,78.15827946940341,Spain,Spain (Kingdom of)
CTYK,1,489.0,4.94111429938382e-05,15121.606322266613,CN,15121.606322266613,78.15827946940341,China,"China, People's Republic of"
STARCL,1,500.0,4.94111429938382e-05,15121.606322266613,US,15121.606322266613,78.15827946940341,USA,United States of America
SUST/CTYK,1,505.0,4.94111429938382e-05,15121.606322266613,CN,15121.606322266613,78.15827946940341,China,"China, People's Republic of"
IRSA/BDS,1,487.0,4.94111429938382e-05,15121.606322266613,IR,15121.606322266613,78.15827946940341,Iran,"Iran, Islamic Republic of"
HWU,1,507.5,4.94111429938382e-05,15121.606322266613,UK,15121.606322266613,78.15827946940341,UK,United Kingdom of Great Britain and Northern Ireland
APL/NASA,1,503.0,4.94111429938382e-05,15121.606322266613,US,15121.606322266613,78.15827946940341,USA,United States of America
AZER,1,498.0,4.94111429938382e-05,15121.606322266613,AZ,15121.606322266613,78.15827946940341,Azerbaijan,"Azerbaijan, Republic of"
AUBU,1,490.5,4.94111429938382e-05,15121.606322266613,US,15121.606322266613,78.15827946940341,USA,United States of America
ARGUS/MON,1,509.5,4.94111429938382e-05,15121.606322266613,PL,15121.606322266613,78.15827946940341,Poland,"Poland, Republic of"
ARC/TERRAN,1,494.0,4.94111429938382e-05,15121.606322266613,US,15121.606322266613,78.15827946940341,USA,United States of America
ARQM,1,507.5,4.94111429938382e-05,15121.606322266613,E,15121.606322266613,78.15827946940341,Spain,Spain (Kingdom of)
AUTH,1,510.5,4.94111429938382e-05,15121.606322266613,GR,15121.606322266613,78.15827946940341,Greece,Hellenic Republic
IHIC,1,499.0,4.94111429938382e-05,15121.606322266613,J,15121.606322266613,78.15827946940341,Japan,"Japan (Nippon), State of"
HANGZ,1,480.0,4.94111429938382e-05,15121.606322266613,CN,15121.606322266613,78.15827946940341,China,"China, People's Republic of"
BLSKSP,1,502.0,4.94111429938382e-05,15121.606322266613,UK,15121.606322266613,78.15827946940341,UK,United Kingdom of Great Britain and Northern Ireland
BIUST,1,481.5,4.94111429938382e-05,15121.606322266613,BW,15121.606322266613,78.15827946940341,Botswana,"Botswana, Republic of"
CALG,1,498.5,4.94111429938382e-05,15121.606322266613,CA,15121.606322266613,78.15827946940341,Canada,Canada
SBKHZ/GAF,1,491.0,4.94111429938382e-05,15121.606322266613,SB,15121.606322266613,78.15827946940341,Solomon Is.,Solomon Islands
VESTGO/ADIG,1,492.0,4.94111429938382e-05,15121.606322266613,US,15121.606322266613,78.15827946940341,USA,United States of America
ZHYE/NCHU,1,507.5,4.94111429938382e-05,15121.606322266613,CN,15121.606322266613,78.15827946940341,China,"China, People's Republic of"
WISEK,1,504.5,4.94111429938382e-05,15121.606322266613,CH,15121.606322266613,78.15827946940341,Switzerland,Swiss Confederation
WSU,1,502.0,4.94111429938382e-05,15121.606322266613,US,15121.606322266613,78.15827946940341,USA,United States of America
VSGA,1,509.5,4.94111429938382e-05,15121.606322266613,VN,15121.606322266613,78.15827946940341,Vietnam,"Vietnam, Socialist Republic of"
VYOMA,1,512.0,4.94111429938382e-05,15121.606322266613,D,15121.606322266613,78.15827946940341,Germany,"Germany, Federal Republic of"
AIGLON,1,503.0,4.94111429938382e-05,15121.606322266613,CH,15121.606322266613,78.15827946940341,Switzerland,Swiss Confederation
AARH,1,506.0,4.94111429938382e-05,15121.606322266613,DK,15121.606322266613,78.15827946940341,Denmark,"Denmark, Kingdom of"
ZYK,1,511.5,4.94111429938382e-05,15121.606322266613,CN,15121.606322266613,78.15827946940341,China,"China, People's Republic of"
WYKK/TADA,1,488.5,4.94111429938382e-05,15121.606322266613,CN,15121.606322266613,78.15827946940341,China,"China, People's Republic of"
XIAMT,1,484.0,4.94111429938382e-05,15121.606322266613,CN,15121.606322266613,78.15827946940341,China,"China, People's Republic of"
XONA,1,503.5,4.94111429938382e-05,15121.606322266613,US,15121.606322266613,78.15827946940341,USA,United States of America
LOFT/EDA,9,586.6111111111111,0.0001095831085863308,14646.53939693441,US,1627.3932663260455,1560.041730744024,USA,United States of America
SPIREL/MYRI,4,533.25,6.247032192152613e-05,14486.864818893579,L,3621.7162047233946,395.2608730298036,Luxembourg,"Luxembourg, Grand Duchy of"
ZJUNI,4,576.125,9.078521028940689e-05,14187.015056589164,CN,3546.753764147291,574.4142238015322,China,"China, People's Republic of"
APL/JPL,3,573.8333333333334,8.255621141273206e-05,12808.912157562787,US,4269.637385854262,391.7609097407106,USA,United States of America
SCITOK,4,612.875,0.000132021654032366,11851.608068386731,J,2962.902017096683,835.3245609526844,Japan,"Japan (Nippon), State of"
NSC,4,584.125,9.901420916608172e-05,11295.480569761277,N,2823.8701424403193,626.4805679487837,Norway,"Norway, Kingdom of"
DELSP/SPIRE,6,588.5833333333334,0.00010998620766831484,11160.151880986146,US,1860.025313497691,1043.8535402176785,USA,United States of America
SPIREL,8,600.1875,0.00011547220691943139,11024.823192211015,L,1378.102899026377,1461.2265124865733,Luxembourg,"Luxembourg, Grand Duchy of"
CNSAS,6,637.75,0.0001345767425035005,10612.133485652976,CN,1768.688914275496,1277.2365923996792,China,"China, People's Republic of"
CENTI,32,820.9375,0.0002177328415466119,10377.053026438192,CN,324.2829070761935,11021.076298608741,China,"China, People's Republic of"
LARCN/SWRIB,7,379.85714285714283,1.634273857436292e-05,10346.795450452499,US,1478.1136357789285,180.95599008199852,USA,United States of America
ORBC,28,732.0892857142857,0.00026278290301300674,9976.272292900927,US,356.295439032176,11638.72019979225,USA,United States of America
JAXA,8,656.5625,0.00016390534456862949,9642.873798637516,J,1205.3592248296895,2074.11671961061,Japan,"Japan (Nippon), State of"
APOGEO,3,404.6666666666667,3.6955158028077285e-05,9139.95856054448,I,3046.652853514827,175.36640891031135,Italy,Italian Republic
FAB/ICEYE,2,566.5,8.255621141273206e-05,8539.274771708524,BR,4269.637385854262,261.1739398271404,Brazil,"Brazil, Federal Republic of"
UM5R,2,561.5,8.255621141273206e-05,8539.274771708524,MA,4269.637385854262,261.1739398271404,Morocco,"Morocco (al Maghrib), Kingdom of"
PLANQ,2,562.25,8.255621141273206e-05,8539.274771708524,US,4269.637385854262,261.1739398271404,USA,United States of America
USPACE,2,578.5,8.255621141273206e-05,8539.274771708524,F,4269.637385854262,261.1739398271404,France,French Republic
TERRAN,2,574.5,8.255621141273206e-05,8539.274771708524,US,4269.637385854262,261.1739398271404,USA,United States of America
ADIG,3,774.0,5.815522549582989e-05,8440.520350442413,US,2813.5067834808046,275.9688660193148,USA,United States of America
PIXX,6,588.75,0.00011547220691943139,8268.617394158262,IN,1378.102899026377,1095.9198843649299,India,"India, Republic of"
DEYA/NUDTC,2,556.25,7.25132666671291e-05,7891.353590577657,CN,3945.6767952888285,229.4021881710211,China,"China, People's Republic of"
ELKED,2,547.0,7.25132666671291e-05,7891.353590577657,GR,3945.6767952888285,229.4021881710211,Greece,Hellenic Republic
XYUN,5,720.6,0.00013945612844790123,7699.157919576312,CN,1539.8315839152624,1102.9547588396529,China,"China, People's Republic of"
UPC,3,467.5,4.484812121855845e-05,7355.034759484195,E,2451.6782531613985,212.82154871310468,Spain,Spain (Kingdom of)
DSTA/STELEC,2,523.0,6.247032192152613e-05,7243.432409446789,SG,3621.7162047233946,197.6304365149018,Singapore,"Singapore, Republic of"
XGCM,2,544.0,6.247032192152613e-05,7243.432409446789,CN,3621.7162047233946,197.6304365149018,China,"China, People's Republic of"
HONGQ?,2,520.5,6.247032192152613e-05,7243.432409446789,CN,3621.7162047233946,197.6304365149018,China,"China, People's Republic of"
KAIYUN,2,532.0,6.247032192152613e-05,7243.432409446789,CN,3621.7162047233946,197.6304365149018,China,"China, People's Republic of"
JKY,2,518.0,6.247032192152613e-05,7243.432409446789,CN,3621.7162047233946,197.6304365149018,China,"China, People's Republic of"
UTIAS,3,599.0,0.00011054126897617571,7159.094033274387,CA,2386.364677758129,524.560749057344,Canada,Canada
ESPACE,4,628.125,0.0001345767425035005,7074.755657101983,RW,1768.6889142754958,851.4910615997862,Rwanda,"Rwanda, Republic of"
SWRI/GSFC,4,646.125,0.0001345767425035005,7074.755657101983,US,1768.6889142754958,851.4910615997862,USA,United States of America
RNAF,3,592.8333333333334,0.00010450020841719827,7025.843183907016,NL,2341.9477279690054,495.89359803521353,Netherlands,"Netherlands, Kingdom of"
HANCOM,3,583.8333333333334,0.00010450020841719827,7025.843183907016,KR,2341.9477279690054,495.89359803521353,South Korea,Great Han People's Nation
HEAD,7,655.2857142857143,0.0001726920729178286,7002.827082739941,CN,1000.4038689628487,1912.1437262161276,China,"China, People's Republic of"
S4/ZFT,5,592.8,0.00011547220691943139,6890.514495131884,D,1378.102899026377,913.2665703041083,Germany,"Germany, Federal Republic of"
WURZ,3,458.1666666666667,4.148775759738044e-05,6641.172133708623,D,2213.724044569541,196.8753335614576,Germany,"Germany, Federal Republic of"
MUON,3,573.0,9.780491192012963e-05,6377.9220027761485,US,2125.974000925383,464.1218463790942,USA,United States of America
RATEKS,4,436.5,2.5994076121471643e-05,6170.794747259867,RU,1542.6986868149668,164.46915759906895,Russia,Russian Federation
ITUTR,3,620.1666666666666,0.00013860296363625105,5891.507745944658,TR,1963.835915314886,657.7242608122174,Turkey,"Turkey, Republic of"
MINCYT,2,579.5,9.901420916608172e-05,5647.740284880639,AR,2823.8701424403193,313.24028397439184,Argentina,Argentine Republic
SURREY,2,573.75,9.901420916608172e-05,5647.740284880639,UK,2823.8701424403193,313.24028397439184,UK,United Kingdom of Great Britain and Northern Ireland
HUBN/SPIREG,2,584.75,9.901420916608172e-05,5647.740284880639,US,2823.8701424403193,313.24028397439184,USA,United States of America
ELKED/ORORA,4,589.875,0.00011547220691943139,5512.411596105508,GR,1378.102899026377,730.6132562432866,Greece,Hellenic Republic
GYZ/CASC,8,852.1875,0.0002143337479517532,5488.821487585376,CN,686.102685948172,2712.25573134009,China,"China, People's Republic of"
OCOSB/IEEC,1,365.5,1.8921258472914815e-05,5373.779084216133,E,5373.779084216133,29.929544593277534,Spain,Spain (Kingdom of)
VZCR/VZLU,1,349.0,1.8921258472914815e-05,5373.779084216133,CZ,5373.779084216133,29.929544593277534,Czech Republic,Czech Republic
XXYW,1,372.5,1.8921258472914815e-05,5373.779084216133,CN,5373.779084216133,29.929544593277534,China,"China, People's Republic of"
UWA,1,350.5,1.8921258472914815e-05,5373.779084216133,US,5373.779084216133,29.929544593277534,USA,United States of America
OCOSB/ANDU,1,366.5,1.8921258472914815e-05,5373.779084216133,E,5373.779084216133,29.929544593277534,Spain,Spain (Kingdom of)
OKB5P?,1,349.5,1.8921258472914815e-05,5373.779084216133,RU,5373.779084216133,29.929544593277534,Russia,Russian Federation
QAU,1,347.0,1.8921258472914815e-05,5373.779084216133,QA,5373.779084216133,29.929544593277534,Qatar,"Qatar, State of"
UAZ,1,373.5,1.8921258472914815e-05,5373.779084216133,US,5373.779084216133,29.929544593277534,USA,United States of America
RTAF,1,344.5,1.8921258472914815e-05,5373.779084216133,T,5373.779084216133,29.929544593277534,Thailand,Thai Kingdom
UME,1,362.0,1.8921258472914815e-05,5373.779084216133,US,5373.779084216133,29.929544593277534,USA,United States of America
KATAL,1,350.0,1.8921258472914815e-05,5373.779084216133,US,5373.779084216133,29.929544593277534,USA,United States of America
MIREA,1,368.0,1.8921258472914815e-05,5373.779084216133,RU,5373.779084216133,29.929544593277534,Russia,Russian Federation
HUS,1,359.5,1.8921258472914815e-05,5373.779084216133,J,5373.779084216133,29.929544593277534,Japan,"Japan (Nippon), State of"
CUA,1,369.5,1.8921258472914815e-05,5373.779084216133,US,5373.779084216133,29.929544593277534,USA,United States of America
UITM,1,351.0,1.8921258472914815e-05,5373.779084216133,MY,5373.779084216133,29.929544593277534,Malaysia,Malaysia
UESTC/GUOX,1,344.5,1.8921258472914815e-05,5373.779084216133,CN,5373.779084216133,29.929544593277534,China,"China, People's Republic of"
UPAEP,1,368.0,1.8921258472914815e-05,5373.779084216133,MX,5373.779084216133,29.929544593277534,Mexico,United Mexican States
ISKY,1,342.5,1.8921258472914815e-05,5373.779084216133,CZ,5373.779084216133,29.929544593277534,Czech Republic,Czech Republic
NTNU,2,452.25,4.5802935372429854e-05,5325.120856515178,N,2662.560428257589,144.90167223226644,Norway,"Norway, Kingdom of"
MDDI/ASI,3,622.0,0.0001345767425035005,5306.066742826488,I,1768.688914275496,638.6182961998396,Italy,Italian Republic
UAESA/UAEU,2,567.0,8.897126442047876e-05,4999.819103749772,UAE,2499.909551874886,281.46853231827254,UAE,United Arab Emirates
ZHONG,2,576.25,8.897126442047876e-05,4999.819103749772,CN,2499.909551874886,281.46853231827254,China,"China, People's Republic of"
TUKE,2,568.0,8.897126442047876e-05,4999.819103749772,SK,2499.909551874886,281.46853231827254,Slovakia,Slovak Republic
UNKCN,2,568.75,8.897126442047876e-05,4999.819103749772,CN,2499.909551874886,281.46853231827254,China,"China, People's Republic of"
ORBMAT,2,566.5,8.897126442047876e-05,4999.819103749772,PL,2499.909551874886,281.46853231827254,Poland,"Poland, Republic of"
IMICAS,2,575.0,8.897126442047876e-05,4999.819103749772,CN,2499.909551874886,281.46853231827254,China,"China, People's Republic of"
APEX,4,542.875,9.058240150405794e-05,4963.144758118525,US,1240.7861895296312,573.1310164305852,USA,United States of America
NSMC,8,749.25,0.0002555063840638666,4813.331937919697,CN,601.6664922399622,3233.268961111991,China,"China, People's Republic of"
ORBSK,3,428.0,2.5994076121471643e-05,4628.0960604449,US,1542.6986868149668,123.3518681993017,USA,United States of America
SPIRE/NSTAR,3,440.5,2.5994076121471643e-05,4628.0960604449,US,1542.6986868149668,123.3518681993017,USA,United States of America
MDA,3,813.1666666666666,0.00017201302031581248,4596.580984486369,US,1532.1936614954564,816.2678031489373,USA,United States of America
YONS,2,634.5,0.00012272223301906804,4531.322951947789,KR,2265.6614759738945,388.24273247877323,South Korea,Great Han People's Nation
CBKPL,2,652.0,0.0001501683419946609,4513.404846918282,PL,2256.702423459141,475.07094675139575,Poland,"Poland, Republic of"
JSC,3,484.6666666666667,5.582011972079156e-05,4463.500272656311,US,1487.8334242187702,264.88789286035615,USA,United States of America
UZURO,1,583.0,8.255621141273206e-05,4269.637385854262,KR,4269.637385854262,130.5869699135702,South Korea,Great Han People's Nation
AGILS,1,577.5,8.255621141273206e-05,4269.637385854262,SG,4269.637385854262,130.5869699135702,Singapore,"Singapore, Republic of"
GHALAM,1,566.5,8.255621141273206e-05,4269.637385854262,KZ,4269.637385854262,130.5869699135702,Kazakhstan,"Kazakhstan, Republic of"
DOST/UPD,1,564.5,8.255621141273206e-05,4269.637385854262,PH,4269.637385854262,130.5869699135702,Phillipines,"Philippines, Republic of the"
TRPT,1,581.0,8.255621141273206e-05,4269.637385854262,US,4269.637385854262,130.5869699135702,USA,United States of America
UFSC,1,553.0,8.255621141273206e-05,4269.637385854262,BR,4269.637385854262,130.5869699135702,Brazil,"Brazil, Federal Republic of"
FMI/FMV,1,582.0,8.255621141273206e-05,4269.637385854262,DK,4269.637385854262,130.5869699135702,Denmark,"Denmark, Kingdom of"
DELFT,1,580.5,8.255621141273206e-05,4269.637385854262,NL,4269.637385854262,130.5869699135702,Netherlands,"Netherlands, Kingdom of"
CRUNCH,1,561.0,8.255621141273206e-05,4269.637385854262,US,4269.637385854262,130.5869699135702,USA,United States of America
SPRCO,1,563.0,8.255621141273206e-05,4269.637385854262,US,4269.637385854262,130.5869699135702,USA,United States of America
IRSS,1,562.0,8.255621141273206e-05,4269.637385854262,D,4269.637385854262,130.5869699135702,Germany,"Germany, Federal Republic of"
ICEUS/ICEYE,1,563.5,8.255621141273206e-05,4269.637385854262,US,4269.637385854262,130.5869699135702,USA,United States of America
WNI,1,561.0,8.255621141273206e-05,4269.637385854262,J,4269.637385854262,130.5869699135702,Japan,"Japan (Nippon), State of"
CNSSC,1,576.0,8.255621141273206e-05,4269.637385854262,CN,4269.637385854262,130.5869699135702,China,"China, People's Republic of"
AXEL/FUKUI,1,570.0,8.255621141273206e-05,4269.637385854262,J,4269.637385854262,130.5869699135702,Japan,"Japan (Nippon), State of"
SFSSC/ORISS,1,566.5,8.255621141273206e-05,4269.637385854262,US,4269.637385854262,130.5869699135702,USA,United States of America
CHFEN,1,554.5,8.255621141273206e-05,4269.637385854262,CN,4269.637385854262,130.5869699135702,China,"China, People's Republic of"
AUINSH/NANAV,1,554.5,8.255621141273206e-05,4269.637385854262,US,4269.637385854262,130.5869699135702,USA,United States of America
NROC/SFSSC,1,576.5,8.255621141273206e-05,4269.637385854262,US,4269.637385854262,130.5869699135702,USA,United States of America
LATMOS,1,580.0,8.255621141273206e-05,4269.637385854262,F,4269.637385854262,130.5869699135702,France,French Republic
HYDRO,1,555.0,8.255621141273206e-05,4269.637385854262,L,4269.637385854262,130.5869699135702,Luxembourg,"Luxembourg, Grand Duchy of"
LEMU,1,581.0,8.255621141273206e-05,4269.637385854262,CL,4269.637385854262,130.5869699135702,Chile,"Chile, Republic of"
UNSW/DSTO,1,582.0,8.255621141273206e-05,4269.637385854262,AU,4269.637385854262,130.5869699135702,Australia,"Australia, Commonwealth of"
TLCJ/GUOX,1,583.0,8.255621141273206e-05,4269.637385854262,CN,4269.637385854262,130.5869699135702,China,"China, People's Republic of"
CPUT,1,562.0,8.255621141273206e-05,4269.637385854262,ZA,4269.637385854262,130.5869699135702,South Africa,"South Africa, Republic of"
TLCJ/ZXKJ,1,581.0,8.255621141273206e-05,4269.637385854262,CN,4269.637385854262,130.5869699135702,China,"China, People's Republic of"
LARCN/STP,1,584.0,8.255621141273206e-05,4269.637385854262,US,4269.637385854262,130.5869699135702,USA,United States of America
KAGA,1,578.5,8.255621141273206e-05,4269.637385854262,J,4269.637385854262,130.5869699135702,Japan,"Japan (Nippon), State of"
SPIRE/MCON,1,577.0,8.255621141273206e-05,4269.637385854262,US,4269.637385854262,130.5869699135702,USA,United States of America
SKC,1,578.0,8.255621141273206e-05,4269.637385854262,US,4269.637385854262,130.5869699135702,USA,United States of America
RAAF/UNSW,1,551.0,8.255621141273206e-05,4269.637385854262,AU,4269.637385854262,130.5869699135702,Australia,"Australia, Commonwealth of"
TYVI/PICO,1,583.0,8.255621141273206e-05,4269.637385854262,I,4269.637385854262,130.5869699135702,Italy,Italian Republic
SATORO,1,583.5,8.255621141273206e-05,4269.637385854262,TW,4269.637385854262,130.5869699135702,Taiwan,"China, Republic of (Taiwan)"
KASI,3,393.5,2.034593719169031e-05,4140.880844290849,KR,1380.2936147636165,96.54928111823071,South Korea,Great Han People's Nation
ETRAQ,3,590.1666666666666,0.00011547220691943139,4134.308697079131,US,1378.102899026377,547.9599421824649,USA,United States of America
NRL,3,594.8333333333334,0.00011547220691943139,4134.308697079131,US,1378.102899026377,547.9599421824649,USA,United States of America
EFA,3,591.8333333333334,0.00011547220691943139,4134.308697079131,US,1378.102899026377,547.9599421824649,USA,United States of America
DMC,3,610.5,0.00011547220691943139,4134.308697079131,UK,1378.102899026377,547.9599421824649,UK,United Kingdom of Great Britain and Northern Ireland
SIENV,3,590.5,0.00011547220691943139,4134.308697079131,US,1378.102899026377,547.9599421824649,USA,United States of America
NROC/USN,15,1105.1,8.478010143686543e-05,4061.0397202458453,US,270.73598134972303,2011.5706073749066,USA,United States of America
SPIREG/GHG,3,421.0,2.263371250029363e-05,3914.233434669328,US,1304.7444782231094,107.40565304765464,USA,United States of America
AMNA/VANDU,1,526.0,6.247032192152613e-05,3621.7162047233946,US,3621.7162047233946,98.8152182574509,USA,United States of America
AMNL/AMUK,1,535.5,6.247032192152613e-05,3621.7162047233946,NL,3621.7162047233946,98.8152182574509,Netherlands,"Netherlands, Kingdom of"
AOGD,1,539.5,6.247032192152613e-05,3621.7162047233946,J,3621.7162047233946,98.8152182574509,Japan,"Japan (Nippon), State of"
YONA,1,544.0,6.247032192152613e-05,3621.7162047233946,J,3621.7162047233946,98.8152182574509,Japan,"Japan (Nippon), State of"
IMAGT,1,532.0,6.247032192152613e-05,3621.7162047233946,IL,3621.7162047233946,98.8152182574509,Israel,"Israel, State of"
IRSA/IEI,1,544.0,6.247032192152613e-05,3621.7162047233946,IR,3621.7162047233946,98.8152182574509,Iran,"Iran, Islamic Republic of"
CGSTL/XHT,1,530.5,6.247032192152613e-05,3621.7162047233946,CN,3621.7162047233946,98.8152182574509,China,"China, People's Republic of"
CGSTL/YDK,1,536.5,6.247032192152613e-05,3621.7162047233946,CN,3621.7162047233946,98.8152182574509,China,"China, People's Republic of"
ZJLAB/MUXI,1,543.5,6.247032192152613e-05,3621.7162047233946,CN,3621.7162047233946,98.8152182574509,China,"China, People's Republic of"
ZKXR,1,524.5,6.247032192152613e-05,3621.7162047233946,CN,3621.7162047233946,98.8152182574509,China,"China, People's Republic of"
CHENG,1,542.5,6.247032192152613e-05,3621.7162047233946,CN,3621.7162047233946,98.8152182574509,China,"China, People's Republic of"
AUT,1,534.5,6.247032192152613e-05,3621.7162047233946,J,3621.7162047233946,98.8152182574509,Japan,"Japan (Nippon), State of"
OHBI,1,525.5,6.247032192152613e-05,3621.7162047233946,I,3621.7162047233946,98.8152182574509,Italy,Italian Republic
YINGL,1,543.5,6.247032192152613e-05,3621.7162047233946,CN,3621.7162047233946,98.8152182574509,China,"China, People's Republic of"
CGSTL/ANXI,1,536.0,6.247032192152613e-05,3621.7162047233946,CN,3621.7162047233946,98.8152182574509,China,"China, People's Republic of"
ALIENA,1,520.5,6.247032192152613e-05,3621.7162047233946,SG,3621.7162047233946,98.8152182574509,Singapore,"Singapore, Republic of"
GZZB/CNES,1,516.5,6.247032192152613e-05,3621.7162047233946,CN,3621.7162047233946,98.8152182574509,China,"China, People's Republic of"
GSFC/JPL,1,538.0,6.247032192152613e-05,3621.7162047233946,US,3621.7162047233946,98.8152182574509,USA,United States of America
AOTIAN,1,543.5,6.247032192152613e-05,3621.7162047233946,CN,3621.7162047233946,98.8152182574509,China,"China, People's Republic of"
APN,1,545.0,6.247032192152613e-05,3621.7162047233946,NP,3621.7162047233946,98.8152182574509,Nepal,"Nepal, Federal Democratic Republic Of"
SQU/STARV,1,517.0,6.247032192152613e-05,3621.7162047233946,OM,3621.7162047233946,98.8152182574509,Oman,Sultanate of Oman
SPRCO/USCLA,1,530.5,6.247032192152613e-05,3621.7162047233946,US,3621.7162047233946,98.8152182574509,USA,United States of America
UKSA,1,522.5,6.247032192152613e-05,3621.7162047233946,UK,3621.7162047233946,98.8152182574509,UK,United Kingdom of Great Britain and Northern Ireland
NAVIBD/TLCJ,1,516.0,6.247032192152613e-05,3621.7162047233946,CN,3621.7162047233946,98.8152182574509,China,"China, People's Republic of"
PTS,1,526.0,6.247032192152613e-05,3621.7162047233946,D,3621.7162047233946,98.8152182574509,Germany,"Germany, Federal Republic of"
MSFC,1,534.0,6.247032192152613e-05,3621.7162047233946,US,3621.7162047233946,98.8152182574509,USA,United States of America
MEGS,1,549.0,6.247032192152613e-05,3621.7162047233946,I,3621.7162047233946,98.8152182574509,Italy,Italian Republic
KGTU,1,523.0,6.247032192152613e-05,3621.7162047233946,RU,3621.7162047233946,98.8152182574509,Russia,Russian Federation
DNIK,1,538.5,6.247032192152613e-05,3621.7162047233946,J,3621.7162047233946,98.8152182574509,Japan,"Japan (Nippon), State of"
GIT,1,524.0,6.247032192152613e-05,3621.7162047233946,US,3621.7162047233946,98.8152182574509,USA,United States of America
FSI/HSU,1,544.5,6.247032192152613e-05,3621.7162047233946,J,3621.7162047233946,98.8152182574509,Japan,"Japan (Nippon), State of"
HUANTZ/UESTC,1,533.0,6.247032192152613e-05,3621.7162047233946,CN,3621.7162047233946,98.8152182574509,China,"China, People's Republic of"
HUANTZ/XYKC,1,530.0,6.247032192152613e-05,3621.7162047233946,CN,3621.7162047233946,98.8152182574509,China,"China, People's Republic of"
JUNT,1,531.0,6.247032192152613e-05,3621.7162047233946,CN,3621.7162047233946,98.8152182574509,China,"China, People's Republic of"
JAXA/ISASJ,1,527.0,6.247032192152613e-05,3621.7162047233946,J,3621.7162047233946,98.8152182574509,Japan,"Japan (Nippon), State of"
MONTP,1,528.5,6.247032192152613e-05,3621.7162047233946,F,3621.7162047233946,98.8152182574509,France,French Republic
JKY/NUDTC,1,518.0,6.247032192152613e-05,3621.7162047233946,CN,3621.7162047233946,98.8152182574509,China,"China, People's Republic of"
ISTL,1,529.0,6.247032192152613e-05,3621.7162047233946,P,3621.7162047233946,98.8152182574509,Portugal,Portuguese Republic
KAIYUN/HARB,1,536.5,6.247032192152613e-05,3621.7162047233946,CN,3621.7162047233946,98.8152182574509,China,"China, People's Republic of"
TEIK,1,537.0,6.247032192152613e-05,3621.7162047233946,J,3621.7162047233946,98.8152182574509,Japan,"Japan (Nippon), State of"
TYVI/EUTSA,1,546.5,6.247032192152613e-05,3621.7162047233946,I,3621.7162047233946,98.8152182574509,Italy,Italian Republic
UNH,1,516.0,6.247032192152613e-05,3621.7162047233946,US,3621.7162047233946,98.8152182574509,USA,United States of America
SNSB,1,549.5,6.247032192152613e-05,3621.7162047233946,S,3621.7162047233946,98.8152182574509,Sweden,"Sweden, Kingdom of"
CALP/JPL,1,540.0,6.247032192152613e-05,3621.7162047233946,US,3621.7162047233946,98.8152182574509,USA,United States of America
CHGU,1,521.0,6.247032192152613e-05,3621.7162047233946,RU,3621.7162047233946,98.8152182574509,Russia,Russian Federation
CGSTL/LICH,1,536.0,6.247032192152613e-05,3621.7162047233946,CN,3621.7162047233946,98.8152182574509,China,"China, People's Republic of"
CGSTL/WENWU,1,536.0,6.247032192152613e-05,3621.7162047233946,CN,3621.7162047233946,98.8152182574509,China,"China, People's Republic of"
YUNCH/NANXI,1,530.5,6.247032192152613e-05,3621.7162047233946,CN,3621.7162047233946,98.8152182574509,China,"China, People's Republic of"
YUXING/HUST,1,531.5,6.247032192152613e-05,3621.7162047233946,CN,3621.7162047233946,98.8152182574509,China,"China, People's Republic of"
XZKJ,1,530.0,6.247032192152613e-05,3621.7162047233946,CN,3621.7162047233946,98.8152182574509,China,"China, People's Republic of"
YUXING/ZHEJ,1,529.5,6.247032192152613e-05,3621.7162047233946,CN,3621.7162047233946,98.8152182574509,China,"China, People's Republic of"
WASEDA,1,538.5,6.247032192152613e-05,3621.7162047233946,J,3621.7162047233946,98.8152182574509,Japan,"Japan (Nippon), State of"
ADSTI,2,624.0,0.0001345767425035005,3537.3778285509916,F,1768.6889142754958,425.7455307998931,France,French Republic
RMAF,2,638.0,0.0001345767425035005,3537.3778285509916,MA,1768.6889142754958,425.7455307998931,Morocco,"Morocco (al Maghrib), Kingdom of"
CONAE,2,622.0,0.0001345767425035005,3537.3778285509916,AR,1768.6889142754958,425.7455307998931,Argentina,Argentine Republic
ROSK,3,470.8333333333333,5.546757100645857e-05,3426.3610363542844,RU,1142.1203454514282,263.2149138961869,Russia,Russian Federation
COPERN/ESA,10,886.0,0.000246576516494923,3395.0341545497668,I-EU,339.5034154549767,3900.334037851635,EU,European Union
SBSZ,1,253.0,2.3151865500281588e-06,3327.6224878752514,CN,3327.6224878752514,3.662149596973909,China,"China, People's Republic of"
GUOX,1,240.5,2.3151865500281588e-06,3327.6224878752514,CN,3327.6224878752514,3.662149596973909,China,"China, People's Republic of"
OMNISP,2,621.75,0.00012502447471146594,3146.791813301873,US,1573.3959066509365,395.5260794607682,USA,United States of America
ARRAY,2,443.0,2.5994076121471643e-05,3085.3973736299336,US,1542.6986868149668,82.23457879953448,USA,United States of America
NLR/NDRE,2,443.0,2.5994076121471643e-05,3085.3973736299336,NL,1542.6986868149668,82.23457879953448,Netherlands,"Netherlands, Kingdom of"
GAUSS,2,521.5,7.073314152045151e-05,2920.8015858413437,I,1460.4007929206718,223.7706034605889,Italy,Italian Republic
NCU,2,594.25,0.00011547220691943139,2756.205798052754,TW,1378.102899026377,365.3066281216433,Taiwan,"China, Republic of (Taiwan)"
SONYC,2,590.25,0.00011547220691943139,2756.205798052754,US,1378.102899026377,365.3066281216433,USA,United States of America
NUSP,2,589.0,0.00011547220691943139,2756.205798052754,SG,1378.102899026377,365.3066281216433,Singapore,"Singapore, Republic of"
TYSK,2,612.5,0.00011547220691943139,2756.205798052754,CN,1378.102899026377,365.3066281216433,China,"China, People's Republic of"
HUBN/ENDUR,2,586.0,0.00011547220691943139,2756.205798052754,US,1378.102899026377,365.3066281216433,USA,United States of America
FOXC/NCU,2,594.5,0.00011547220691943139,2756.205798052754,TW,1378.102899026377,365.3066281216433,Taiwan,"China, Republic of (Taiwan)"
NASA/UIA,2,586.25,0.00011547220691943139,2756.205798052754,US,1378.102899026377,365.3066281216433,USA,United States of America
ONERA,2,594.0,0.00011547220691943139,2756.205798052754,F,1378.102899026377,365.3066281216433,France,French Republic
GLOBL,26,1419.3846153846155,7.007416196912304e-05,2737.1981888816204,US,105.27685341852386,2881.916217192116,USA,United States of America
INTA,3,407.0,1.5912985257937606e-05,2486.508183118183,E,828.8360610393943,75.5132227443605,Spain,Spain (Kingdom of)
CAMSAT,2,975.75,0.00014463515026963414,2473.5148473041118,CN,1236.7574236520559,457.5662011009516,China,"China, People's Republic of"
ZZWYZ/INPE,2,698.5,0.00023512780137674438,2390.4118964438885,CN,1195.2059482219443,743.8477759286679,China,"China, People's Republic of"
GONETS,15,1493.9666666666667,8.67871115148855e-05,2319.4112412590594,RU,154.62741608393728,2059.190773112227,Russia,Russian Federation
IRSA,4,657.375,0.0001856779210044346,2299.428912861704,IR,574.857228215426,1174.8173356744373,Iran,"Iran, Islamic Republic of"
WUHAN,2,507.25,6.56925960886845e-05,2206.9389600657714,CN,1103.4694800328857,207.82438830894182,China,"China, People's Republic of"
ASU,2,504.25,6.56925960886845e-05,2206.9389600657714,US,1103.4694800328857,207.82438830894182,USA,United States of America
NINGX/CASC,10,874.9,0.00026468226155601515,2125.533016142298,CN,212.5533016142298,4186.729736624094,China,"China, People's Republic of"
NROC/SPXS,2,309.5,9.049659332127646e-06,2110.966941321832,US,1055.483470660916,28.629404637392483,USA,United States of America
TOK,2,732.0,0.00022758325168859006,2107.2271873611753,J,1053.6135936805877,719.9799199241589,Japan,"Japan (Nippon), State of"
GISTDA,2,724.25,0.00022758325168859006,2107.2271873611753,T,1053.6135936805877,719.9799199241589,Thailand,Thai Kingdom
ZLZB,2,1153.5,3.628277282441417e-05,2097.832001942163,CN,1048.9160009710815,114.78378869677535,China,"China, People's Republic of"
MSBTR,2,663.5,0.00014873249856445225,2030.3744803690229,TR,1015.1872401845114,470.5285279651496,Turkey,"Turkey, Republic of"
ZHIXJ,1,301.5,2.666377116544716e-06,1944.054081187764,CN,1944.054081187764,4.217660940806658,China,"China, People's Republic of"
DFHZ,1,271.5,2.666377116544716e-06,1944.054081187764,CN,1944.054081187764,4.217660940806658,China,"China, People's Republic of"
WEINA/STIL?,1,303.5,2.666377116544716e-06,1944.054081187764,CN,1944.054081187764,4.217660940806658,China,"China, People's Republic of"
GOS,1,279.5,2.666377116544716e-06,1944.054081187764,D,1944.054081187764,4.217660940806658,Germany,"Germany, Federal Republic of"
INSPM,1,277.0,2.666377116544716e-06,1944.054081187764,UK,1944.054081187764,4.217660940806658,UK,United Kingdom of Great Britain and Northern Ireland
ASES,1,652.5,0.0001345767425035005,1768.6889142754958,CN,1768.6889142754958,212.87276539994656,China,"China, People's Republic of"
RESH/MAIO,1,646.0,0.0001345767425035005,1768.6889142754958,RU,1768.6889142754958,212.87276539994656,Russia,Russian Federation
HANWHA,1,626.5,0.0001345767425035005,1768.6889142754958,KR,1768.6889142754958,212.87276539994656,South Korea,Great Han People's Nation
CSA/UTIAS,1,652.0,0.0001345767425035005,1768.6889142754958,CA,1768.6889142754958,212.87276539994656,Canada,Canada
MOZHA,1,649.5,0.0001345767425035005,1768.6889142754958,RU,1768.6889142754958,212.87276539994656,Russia,Russian Federation
K2SP,1,640.0,0.0001345767425035005,1768.6889142754958,US,1768.6889142754958,212.87276539994656,USA,United States of America
FACH,1,621.0,0.0001345767425035005,1768.6889142754958,CL,1768.6889142754958,212.87276539994656,Chile,"Chile, Republic of"
TECN,2,699.75,0.0002180309838965555,1716.6411721120564,IL,858.3205860560282,689.760468585034,Israel,"Israel, State of"
RGMS/VNIIEMI,5,814.4,0.00032058976087367963,1692.6913654283976,RU,338.5382730856795,2535.535772621062,Russia,Russian Federation
SDA/DARPA2,2,389.0,1.5912985257937606e-05,1657.6721220787886,US,828.8360610393943,50.342148496240334,USA,United States of America
KLEO/YUANX,4,980.875,0.00011630288987285464,1656.8195299475592,D,414.2048824868898,735.8691355037378,Germany,"Germany, Federal Republic of"
KAZK,2,681.25,0.00018247038728963494,1634.5842815177352,KZ,817.2921407588676,577.2613487792439,Kazakhstan,"Kazakhstan, Republic of"
ALMAG/XDLINX,1,432.5,2.5994076121471643e-05,1542.6986868149668,UK,1542.6986868149668,41.11728939976724,UK,United Kingdom of Great Britain and Northern Ireland
SPCOIN,1,442.5,2.5994076121471643e-05,1542.6986868149668,US,1542.6986868149668,41.11728939976724,USA,United States of America
SEN,1,441.0,2.5994076121471643e-05,1542.6986868149668,UK,1542.6986868149668,41.11728939976724,UK,United Kingdom of Great Britain and Northern Ireland
SCANW,1,434.5,2.5994076121471643e-05,1542.6986868149668,PL,1542.6986868149668,41.11728939976724,Poland,"Poland, Republic of"
STARV/HENAN,1,438.0,2.5994076121471643e-05,1542.6986868149668,CN,1542.6986868149668,41.11728939976724,China,"China, People's Republic of"
SPSI,1,429.0,2.5994076121471643e-05,1542.6986868149668,SI,1542.6986868149668,41.11728939976724,Slovenia,"Slovenia, Republic of"
NEU,1,412.0,2.5994076121471643e-05,1542.6986868149668,US,1542.6986868149668,41.11728939976724,USA,United States of America
PSAS,1,425.5,2.5994076121471643e-05,1542.6986868149668,US,1542.6986868149668,41.11728939976724,USA,United States of America
LASAR,1,418.5,2.5994076121471643e-05,1542.6986868149668,CZ,1542.6986868149668,41.11728939976724,Czech Republic,Czech Republic
TLCJ/ZZQY,1,411.5,2.5994076121471643e-05,1542.6986868149668,CN,1542.6986868149668,41.11728939976724,China,"China, People's Republic of"
HANGSH,1,430.5,2.5994076121471643e-05,1542.6986868149668,CN,1542.6986868149668,41.11728939976724,China,"China, People's Republic of"
TOHO,1,411.0,2.5994076121471643e-05,1542.6986868149668,J,1542.6986868149668,41.11728939976724,Japan,"Japan (Nippon), State of"
HONGQ,1,412.5,2.5994076121471643e-05,1542.6986868149668,CN,1542.6986868149668,41.11728939976724,China,"China, People's Republic of"
HARV,1,410.5,2.5994076121471643e-05,1542.6986868149668,US,1542.6986868149668,41.11728939976724,USA,United States of America
UCSC,1,410.5,2.5994076121471643e-05,1542.6986868149668,US,1542.6986868149668,41.11728939976724,USA,United States of America
BHSJ,1,443.5,2.5994076121471643e-05,1542.6986868149668,CN,1542.6986868149668,41.11728939976724,China,"China, People's Republic of"
CRO,1,411.5,2.5994076121471643e-05,1542.6986868149668,HR,1542.6986868149668,41.11728939976724,Croatia,Republic of Croatia
CIN,1,413.0,2.5994076121471643e-05,1542.6986868149668,US,1542.6986868149668,41.11728939976724,USA,United States of America
CLASP,1,415.5,2.5994076121471643e-05,1542.6986868149668,US,1542.6986868149668,41.11728939976724,USA,United States of America
ULUX,1,417.5,2.5994076121471643e-05,1542.6986868149668,L,1542.6986868149668,41.11728939976724,Luxembourg,"Luxembourg, Grand Duchy of"
COL,1,410.5,2.5994076121471643e-05,1542.6986868149668,US,1542.6986868149668,41.11728939976724,USA,United States of America
MTUSI,1,429.0,2.5994076121471643e-05,1542.6986868149668,RU,1542.6986868149668,41.11728939976724,Russia,Russian Federation
KWU,1,411.5,2.5994076121471643e-05,1542.6986868149668,KW,1542.6986868149668,41.11728939976724,Kuwait,State of Kuwait
BGOPT,1,442.0,2.5994076121471643e-05,1542.6986868149668,RU,1542.6986868149668,41.11728939976724,Russia,Russian Federation
KAIRSP,1,416.0,2.5994076121471643e-05,1542.6986868149668,KR,1542.6986868149668,41.11728939976724,South Korea,Great Han People's Nation
KOMI,1,441.5,2.5994076121471643e-05,1542.6986868149668,ID,1542.6986868149668,41.11728939976724,Indonesia,"Indonesia, Republic of"
OCOSB,2,1061.75,7.117006437740159e-05,1457.5754023093948,E,728.7877011546974,225.15284789740883,Spain,Spain (Kingdom of)
WXSTR/OMS,1,592.5,0.00011547220691943139,1378.102899026377,US,1378.102899026377,182.65331406082166,USA,United States of America
ESIBG/UIB,1,591.5,0.00011547220691943139,1378.102899026377,ESIB,1378.102899026377,182.65331406082166,Balaeric Is.,"Balaeric Is., Autonomous Community of the"
DCUBED,1,604.0,0.00011547220691943139,1378.102899026377,D,1378.102899026377,182.65331406082166,Germany,"Germany, Federal Republic of"
UVIC,1,589.5,0.00011547220691943139,1378.102899026377,CA,1378.102899026377,182.65331406082166,Canada,Canada
CITY,1,590.0,0.00011547220691943139,1378.102899026377,US,1378.102899026377,182.65331406082166,USA,United States of America
BRNO,1,589.5,0.00011547220691943139,1378.102899026377,CZ,1378.102899026377,182.65331406082166,Czech Republic,Czech Republic
ARGOSP,1,594.5,0.00011547220691943139,1378.102899026377,US,1378.102899026377,182.65331406082166,USA,United States of America
ARGUS,1,592.5,0.00011547220691943139,1378.102899026377,PL,1378.102899026377,182.65331406082166,Poland,"Poland, Republic of"
CASC/CNES,1,613.0,0.00011547220691943139,1378.102899026377,CN,1378.102899026377,182.65331406082166,China,"China, People's Republic of"
BUSAN,1,594.0,0.00011547220691943139,1378.102899026377,KR,1378.102899026377,182.65331406082166,South Korea,Great Han People's Nation
ARC/GSFC,1,610.0,0.00011547220691943139,1378.102899026377,US,1378.102899026377,182.65331406082166,USA,United States of America
FAP,1,590.0,0.00011547220691943139,1378.102899026377,P,1378.102899026377,182.65331406082166,Portugal,Portuguese Republic
GSFC/UMAL,1,590.0,0.00011547220691943139,1378.102899026377,US,1378.102899026377,182.65331406082166,USA,United States of America
TUMBLE,1,594.0,0.00011547220691943139,1378.102899026377,AT,1378.102899026377,182.65331406082166,Austria,"Austria, Republic of"
UAEAF,1,613.0,0.00011547220691943139,1378.102899026377,UAE,1378.102899026377,182.65331406082166,UAE,United Arab Emirates
UCH,1,591.5,0.00011547220691943139,1378.102899026377,CL,1378.102899026377,182.65331406082166,Chile,"Chile, Republic of"
GHG/SPIRE,1,590.0,0.00011547220691943139,1378.102899026377,CA,1378.102899026377,182.65331406082166,Canada,Canada
GMVRO/ESA,1,589.5,0.00011547220691943139,1378.102899026377,RO,1378.102899026377,182.65331406082166,Romania,Romania
MON/WKL,1,591.5,0.00011547220691943139,1378.102899026377,PL,1378.102899026377,182.65331406082166,Poland,"Poland, Republic of"
KOUKO,1,618.5,0.00011547220691943139,1378.102899026377,J,1378.102899026377,182.65331406082166,Japan,"Japan (Nippon), State of"
UCB/GSFC,1,589.5,0.00011547220691943139,1378.102899026377,US,1378.102899026377,182.65331406082166,USA,United States of America
IOTA,1,591.5,0.00011547220691943139,1378.102899026377,UK,1378.102899026377,182.65331406082166,UK,United Kingdom of Great Britain and Northern Ireland
DHRUVA,1,592.0,0.00011547220691943139,1378.102899026377,IN,1378.102899026377,182.65331406082166,India,"India, Republic of"
CLAAC/AACCS,1,613.0,0.00011547220691943139,1378.102899026377,UK,1378.102899026377,182.65331406082166,UK,United Kingdom of Great Britain and Northern Ireland
GHG/SPIREG,1,589.5,0.00011547220691943139,1378.102899026377,CA,1378.102899026377,182.65331406082166,Canada,Canada
PKU,1,588.0,0.00011547220691943139,1378.102899026377,CN,1378.102899026377,182.65331406082166,China,"China, People's Republic of"
PUOL,1,602.5,0.00011547220691943139,1378.102899026377,FI,1378.102899026377,182.65331406082166,Finland,Republic of Finland
SEJU,1,585.5,0.00011547220691943139,1378.102899026377,KR,1378.102899026377,182.65331406082166,South Korea,Great Han People's Nation
APOLNK,1,592.5,0.00011547220691943139,1378.102899026377,US,1378.102899026377,182.65331406082166,USA,United States of America
ANDUR,1,593.0,0.00011547220691943139,1378.102899026377,US,1378.102899026377,182.65331406082166,USA,United States of America
PSU,1,604.0,0.00011547220691943139,1378.102899026377,US,1378.102899026377,182.65331406082166,USA,United States of America
QUAT,1,587.5,0.00011547220691943139,1378.102899026377,KR,1378.102899026377,182.65331406082166,South Korea,Great Han People's Nation
ROSAP/IQMOST,1,612.0,0.00011547220691943139,1378.102899026377,I,1378.102899026377,182.65331406082166,Italy,Italian Republic
DAUR,1,597.0,0.00011547220691943139,1378.102899026377,RU,1378.102899026377,182.65331406082166,Russia,Russian Federation
SPNOR,1,594.5,0.00011547220691943139,1378.102899026377,N,1378.102899026377,182.65331406082166,Norway,"Norway, Kingdom of"
SPLINT,1,587.5,0.00011547220691943139,1378.102899026377,KR,1378.102899026377,182.65331406082166,South Korea,Great Han People's Nation
USCLA,1,592.5,0.00011547220691943139,1378.102899026377,US,1378.102899026377,182.65331406082166,USA,United States of America
ETHD,1,590.0,0.00011547220691943139,1378.102899026377,D,1378.102899026377,182.65331406082166,Germany,"Germany, Federal Republic of"
ELKED/OCOSA,1,593.5,0.00011547220691943139,1378.102899026377,GR,1378.102899026377,182.65331406082166,Greece,Hellenic Republic
ETRI,1,586.0,0.00011547220691943139,1378.102899026377,KR,1378.102899026377,182.65331406082166,South Korea,Great Han People's Nation
GWHYZ,5,730.3,0.000236793329626539,1256.9790696021153,CN,251.39581392042305,1872.7920578309179,China,"China, People's Republic of"
CASIC,3,838.3333333333334,0.0001689103365101937,1216.3226232827374,CN,405.4408744275791,801.5443776243555,China,"China, People's Republic of"
AFRLSW?,1,328.5,9.049659332127646e-06,1055.483470660916,US,1055.483470660916,14.314702318696241,USA,United States of America
CREO,1,324.5,9.049659332127646e-06,1055.483470660916,PL,1055.483470660916,14.314702318696241,Poland,"Poland, Republic of"
HSCIL,1,339.5,9.049659332127646e-06,1055.483470660916,IL,1055.483470660916,14.314702318696241,Israel,"Israel, State of"
RUVDS,1,319.5,9.049659332127646e-06,1055.483470660916,RU,1055.483470660916,14.314702318696241,Russia,Russian Federation
APSCO/BUAA,1,325.5,9.049659332127646e-06,1055.483470660916,CN,1055.483470660916,14.314702318696241,China,"China, People's Republic of"
GSFC/NOAA,3,826.3333333333334,0.00032058976087367963,1015.6148192570386,US,338.5382730856795,1521.3214635726372,USA,United States of America
EUMET,3,819.6666666666666,0.00032058976087367963,1015.6148192570386,I-EUM,338.5382730856795,1521.3214635726372,EUMETSAT,European Meteorological Satellite Organization
NAVAIR,2,902.0,0.00016031931601862004,985.2690836460558,US,492.6345418230279,507.18445866712665,USA,United States of America
VMFR,4,958.125,0.00018329056981977732,905.4142210631879,RU,226.35355526579698,1159.7121387673085,Russia,Russian Federation
NDRE,1,402.5,1.5912985257937606e-05,828.8360610393943,N,828.8360610393943,25.171074248120167,Norway,"Norway, Kingdom of"
ZYD,1,398.5,1.5912985257937606e-05,828.8360610393943,CN,828.8360610393943,25.171074248120167,China,"China, People's Republic of"
AFRCO,1,391.5,1.5912985257937606e-05,828.8360610393943,US,828.8360610393943,25.171074248120167,USA,United States of America
OCOS,1,402.0,1.5912985257937606e-05,828.8360610393943,UK,828.8360610393943,25.171074248120167,UK,United Kingdom of Great Britain and Northern Ireland
ADIG/OFAB,1,396.5,1.5912985257937606e-05,828.8360610393943,US,828.8360610393943,25.171074248120167,USA,United States of America
MGUS,1,391.5,1.5912985257937606e-05,828.8360610393943,RU,828.8360610393943,25.171074248120167,Russia,Russian Federation
CERD/MONTP,1,383.5,1.5912985257937606e-05,828.8360610393943,DJ,828.8360610393943,25.171074248120167,Djibouti,Republic of Djibouti
DIGAN/ORBAS,1,386.0,1.5912985257937606e-05,828.8360610393943,IN,828.8360610393943,25.171074248120167,India,"India, Republic of"
SPBGUT,1,399.0,1.5912985257937606e-05,828.8360610393943,RU,828.8360610393943,25.171074248120167,Russia,Russian Federation
SMCRC,1,397.5,1.5912985257937606e-05,828.8360610393943,AU,828.8360610393943,25.171074248120167,Australia,"Australia, Commonwealth of"
OUTP,1,383.5,1.5912985257937606e-05,828.8360610393943,US,828.8360610393943,25.171074248120167,USA,United States of America
S2086/SITRO,1,398.0,1.5912985257937606e-05,828.8360610393943,RU,828.8360610393943,25.171074248120167,Russia,Russian Federation
LUMIR,1,407.0,1.5912985257937606e-05,828.8360610393943,KR,828.8360610393943,25.171074248120167,South Korea,Great Han People's Nation
ASTSC,1,397.5,1.5912985257937606e-05,828.8360610393943,J,828.8360610393943,25.171074248120167,Japan,"Japan (Nippon), State of"
BRONC,1,394.0,1.5912985257937606e-05,828.8360610393943,US,828.8360610393943,25.171074248120167,USA,United States of America
TIANDI,1,390.0,1.5912985257937606e-05,828.8360610393943,CN,828.8360610393943,25.171074248120167,China,"China, People's Republic of"
ESA/JAXA,1,396.0,1.5912985257937606e-05,828.8360610393943,I-ESA,828.8360610393943,25.171074248120167,ESA,European Space Agency
CMSEO,1,391.0,1.5912985257937606e-05,828.8360610393943,CN,828.8360610393943,25.171074248120167,China,"China, People's Republic of"
KMUTNB/KYUT,1,375.0,1.5912985257937606e-05,828.8360610393943,T,828.8360610393943,25.171074248120167,Thailand,Thai Kingdom
SXAK/ZDNC,1,398.5,1.5912985257937606e-05,828.8360610393943,CN,828.8360610393943,25.171074248120167,China,"China, People's Republic of"
INPE,3,744.1666666666666,0.0002494685676598385,769.4441474740753,BR,256.48138249135843,1183.8241041552667,Brazil,"Brazil, Federal Republic of"
JARL,1,1060.0,7.117006437740159e-05,728.7877011546974,J,728.7877011546974,112.57642394870442,Japan,"Japan (Nippon), State of"
AMIT,1,782.5,0.0003356788602499883,621.7229821683927,I,621.7229821683927,530.9750105287213,Italy,Italian Republic
SSTLA/SURREY,1,767.0,0.0003356788602499883,621.7229821683927,UK,621.7229821683927,530.9750105287213,UK,United Kingdom of Great Britain and Northern Ireland
ISRO/CNES,1,781.5,0.0003356788602499883,621.7229821683927,IN,621.7229821683927,530.9750105287213,India,"India, Republic of"
INFER,1,788.5,0.0003356788602499883,621.7229821683927,US,621.7229821683927,530.9750105287213,USA,United States of America
USNA/SFSSC,1,785.0,0.0003356788602499883,621.7229821683927,US,621.7229821683927,530.9750105287213,USA,United States of America
DRDC/DND,1,774.0,0.0003356788602499883,621.7229821683927,CA,621.7229821683927,530.9750105287213,Canada,Canada
UVIE/UTIAS,1,769.5,0.0003356788602499883,621.7229821683927,AT,621.7229821683927,530.9750105287213,Austria,"Austria, Republic of"
STAN,1,765.0,0.0003356788602499883,621.7229821683927,US,621.7229821683927,530.9750105287213,USA,United States of America
AMLU,1,777.0,0.0003356788602499883,621.7229821683927,AR,621.7229821683927,530.9750105287213,Argentina,Argentine Republic
NOAA,3,1012.6666666666666,0.00021395924068412508,534.3375197357918,US,178.11250657859728,1015.3187185248837,USA,United States of America
NSRDA,2,674.25,0.00016288825462540402,523.3711321870542,NG,261.6855660935271,515.311525130406,Nigeria,"Nigeria, Federal Republic of"
USGS,2,691.0,0.00019033436360099687,505.4530271575471,US,252.72651357877356,602.1397394030286,USA,United States of America
SSC,1,210.5,4.601442560314695e-09,350.2592270181164,S,350.2592270181164,0.007278537022232656,Sweden,"Sweden, Kingdom of"
CAS?,1,823.0,0.00032058976087367963,338.5382730856795,CN,338.5382730856795,507.1071545242124,China,"China, People's Republic of"
ARTEC,1,1098.0,8.478010143686543e-05,270.73598134972303,US,270.73598134972303,134.1047071583271,USA,United States of America
NROC/NRL,2,946.25,0.00018783345738931922,270.64768909054726,US,135.32384454527363,594.2278994909891,USA,United States of America
IITK,1,846.0,0.00031011287298765566,269.18862986781767,IN,269.18862986781767,490.5348697772762,India,"India, Republic of"
SRMU,1,853.5,0.00031011287298765566,269.18862986781767,IN,269.18862986781767,490.5348697772762,India,"India, Republic of"
ISASJ,2,1014.75,9.585403066741938e-05,266.09799566981644,J,133.04899783490822,303.2427773673315,Japan,"Japan (Nippon), State of"
ASAL/UKSA,1,663.0,0.00016288825462540402,261.6855660935271,DZ,261.6855660935271,257.655762565203,Algeria,"Algeria (al Jaza'ir), People's Democratic Republic of"
ULLAF,1,676.5,0.00016288825462540402,261.6855660935271,US,261.6855660935271,257.655762565203,USA,United States of America
IITB,1,669.0,0.00016288825462540402,261.6855660935271,IN,261.6855660935271,257.655762565203,India,"India, Republic of"
TUBTU,1,673.5,0.00016288825462540402,261.6855660935271,TR,261.6855660935271,257.655762565203,Turkey,"Turkey, Republic of"
GOMSP,1,662.0,0.00016288825462540402,261.6855660935271,DK,261.6855660935271,257.655762565203,Denmark,"Denmark, Kingdom of"
RADS,1,677.5,0.00016288825462540402,261.6855660935271,US,261.6855660935271,257.655762565203,USA,United States of America
VAST,1,677.0,0.00016288825462540402,261.6855660935271,VN,261.6855660935271,257.655762565203,Vietnam,"Vietnam, Socialist Republic of"
CANON,1,666.0,0.00016288825462540402,261.6855660935271,J,261.6855660935271,257.655762565203,Japan,"Japan (Nippon), State of"
EPFL,1,684.5,0.00016288825462540402,261.6855660935271,CH,261.6855660935271,257.655762565203,Switzerland,Swiss Confederation
ZZWYZ?,1,746.0,0.0002494685676598385,256.48138249135843,CN,256.48138249135843,394.60803471842223,China,"China, People's Republic of"
GACO,1,749.0,0.0002494685676598385,256.48138249135843,US,256.48138249135843,394.60803471842223,USA,United States of America
RESH,1,738.0,0.0002494685676598385,256.48138249135843,RU,256.48138249135843,394.60803471842223,Russia,Russian Federation
ADSDF/BWEHR,1,745.5,0.0002494685676598385,256.48138249135843,D,256.48138249135843,394.60803471842223,Germany,"Germany, Federal Republic of"
BNU,1,730.5,0.0002494685676598385,256.48138249135843,CN,256.48138249135843,394.60803471842223,China,"China, People's Republic of"
AAU,1,758.0,0.0002494685676598385,256.48138249135843,DK,256.48138249135843,394.60803471842223,Denmark,"Denmark, Kingdom of"
ISRO/JPL,1,750.0,0.0002494685676598385,256.48138249135843,IN,256.48138249135843,394.60803471842223,India,"India, Republic of"
CNES/DGA,1,697.0,0.00021778047257658972,243.76746106402,F,243.76746106402,344.48397683782554,France,French Republic
SPOT,1,697.5,0.00021778047257658972,243.76746106402,F,243.76746106402,344.48397683782554,France,French Republic
MDPE,1,697.0,0.00021778047257658972,243.76746106402,PE,243.76746106402,344.48397683782554,Peru,"Peru, Republic of"
DMI,1,719.0,0.00021778047257658972,243.76746106402,DK,243.76746106402,344.48397683782554,Denmark,"Denmark, Kingdom of"
USGS/GSFC,1,702.0,0.00021778047257658972,243.76746106402,US,243.76746106402,344.48397683782554,USA,United States of America
CNES/JPL,1,893.0,0.00021925165012437464,155.91797336064198,F,155.91797336064198,346.8110775475425,France,French Republic
SISE,1,893.0,0.00021925165012437464,155.91797336064198,CN,155.91797336064198,346.8110775475425,China,"China, People's Republic of"
QINQ,1,887.0,0.00021925165012437464,155.91797336064198,UK,155.91797336064198,346.8110775475425,UK,United Kingdom of Great Britain and Northern Ireland
TCANL,1,1005.0,8.168591258361779e-05,154.88668024390628,CA,154.88668024390628,129.21033591997303,Canada,Canada
RESH/ROSTO,1,1492.5,8.67871115148855e-05,154.62741608393728,RU,154.62741608393728,137.27938487414846,Russia,Russian Federation
NGA/ARTEC,1,1290.5,3.0163553976891855e-05,8.986559931577991,US,8.986559931577991,47.71254698176772,USA,United States of America
CNES/NOAA,1,1310.5,3.0163553976891855e-05,8.986559931577991,F,8.986559931577991,47.71254698176772,France,French Republic
CRC,1,1556.0,3.853440138645858e-05,4.219643175408927,CA,4.219643175408927,60.95350826279367,Canada,Canada
